"","fn","tid","title","wordsInTitle","url","imdbRating","ratingCount","duration","year","type","nrOfWins","nrOfNominations","nrOfPhotos","nrOfNewsArticles","nrOfUserReviews","nrOfGenre","Action","Adult","Adventure","Animation","Biography","Comedy","Crime","Documentary","Drama","Family","Fantasy","FilmNoir","GameShow","History","Horror","Music","Musical","Mystery","News","RealityTV","Romance","SciFi","Short","Sport","TalkShow","Thriller","War","Western"
"1","titles01/tt0012349","tt0012349","Der Vagabund und das Kind (1921)","der vagabund und das kind","http://www.imdb.com/title/tt0012349/",8.4,"40550",3240,1921,"video.movie",1,"0",19,96,85,3,0,0,0,0,0,1,0,0,1,1,0,0,0,0,0,0,0,0,0,0,0,0,0,0,0,0,0,0
"2","titles01/tt0015864","tt0015864","Goldrausch (1925)","goldrausch","http://www.imdb.com/title/tt0015864/",8.3,"45319",5700,1925,"video.movie",2,"1",35,110,122,3,0,0,1,0,0,1,0,0,0,1,0,0,0,0,0,0,0,0,0,0,0,0,0,0,0,0,0,0
"3","titles01/tt0017136","tt0017136","Metropolis (1927)","metropolis","http://www.imdb.com/title/tt0017136/",8.4,"81007",9180,1927,"video.movie",3,"4",67,428,376,2,0,0,0,0,0,0,0,0,1,0,0,0,0,0,0,0,0,0,0,0,0,1,0,0,0,0,0,0
"4","titles01/tt0017925","tt0017925","Der General (1926)","der general","http://www.imdb.com/title/tt0017925/",8.3,"37521",6420,1926,"video.movie",1,"1",53,123,219,3,1,0,1,0,0,1,0,0,0,0,0,0,0,0,0,0,0,0,0,0,0,0,0,0,0,0,0,0
"5","titles01/tt0021749","tt0021749","Lichter der Grostadt (1931)","lichter der gro stadt","http://www.imdb.com/title/tt0021749/",8.7,"70057",5220,1931,"video.movie",2,"0",38,187,186,3,0,0,0,0,0,1,0,0,1,0,0,0,0,0,0,0,0,0,0,0,1,0,0,0,0,0,0,0
"6","titles01/tt0022100","tt0022100","M (1931)","m","http://www.imdb.com/title/tt0022100/",8.5,"73726",7020,1931,"video.movie",1,"0",28,4,254,3,0,0,0,0,0,0,1,0,1,0,0,0,0,0,0,0,0,0,0,0,0,0,0,0,0,1,0,0
"7","titles01/tt0025316","tt0025316","Es geschah in einer Nacht (1934)","es geschah in einer nacht","http://www.imdb.com/title/tt0025316/",8.3,"46503",6300,1934,"video.movie",4,"1",40,183,211,2,0,0,0,0,0,1,0,0,0,0,0,0,0,0,0,0,0,0,0,0,1,0,0,0,0,0,0,0
"8","titles01/tt0027977","tt0027977","Moderne Zeiten (1936)","moderne zeiten","http://www.imdb.com/title/tt0027977/",8.6,"90847",5220,1936,"video.movie",3,"1",44,27,180,2,0,0,0,0,0,1,0,0,1,0,0,0,0,0,0,0,0,0,0,0,0,0,0,0,0,0,0,0
"9","titles01/tt0031381","tt0031381","Vom Winde verweht (1939)","vom winde verweht","http://www.imdb.com/title/tt0031381/",8.2,"160414",14280,1939,"video.movie",10,"6",143,1263,653,3,0,0,0,0,0,0,0,0,1,0,0,0,0,0,0,0,0,0,0,0,1,0,0,0,0,0,1,0
"10","titles01/tt0031679","tt0031679","Mr. Smith geht nach Washington (1939)","mr smith geht nach washington","http://www.imdb.com/title/tt0031679/",8.4,"58169",7740,1939,"video.movie",4,"10",34,110,226,1,0,0,0,0,0,0,0,0,1,0,0,0,0,0,0,0,0,0,0,0,0,0,0,0,0,0,0,0
"11","titles01/tt0032138","tt0032138","Der Zauberer von Oz (1939)","der zauberer von oz","http://www.imdb.com/title/tt0032138/",8.1,"209506",6120,1939,"video.movie",6,"12",126,2363,477,3,0,0,1,0,0,0,0,0,0,1,1,0,0,0,0,0,0,0,0,0,0,0,0,0,0,0,0,0
"12","titles01/tt0032551","tt0032551","Frchte des Zorns (1940)","fr chte des zorns","http://www.imdb.com/title/tt0032551/",8.2,"45737",7740,1940,"video.movie",6,"5",20,135,257,1,0,0,0,0,0,0,0,0,1,0,0,0,0,0,0,0,0,0,0,0,0,0,0,0,0,0,0,0
"13","titles01/tt0032553","tt0032553","Der groe Diktator (1940)","der gro e diktator","http://www.imdb.com/title/tt0032553/",8.5,"87969",7500,1940,"video.movie",5,"1",37,181,173,3,0,0,0,0,0,1,0,0,1,0,0,0,0,0,0,0,0,0,0,0,0,0,0,0,0,0,1,0
"14","titles01/tt0032976","tt0032976","Rebecca (1940)","rebecca","http://www.imdb.com/title/tt0032976/",8.3,"65670",7800,1940,"video.movie",2,"9",47,328,241,3,0,0,0,0,0,0,0,0,1,0,0,0,0,0,0,0,0,1,0,0,0,0,0,0,0,1,0,0
"15","titles01/tt0033467","tt0033467","Citizen Kane (1941)","citizen kane","http://www.imdb.com/title/tt0033467/",8.5,"228617",7140,1941,"video.movie",7,"10",103,1439,1101,2,0,0,0,0,0,0,0,0,1,0,0,0,0,0,0,0,0,1,0,0,0,0,0,0,0,0,0,0
"16","titles01/tt0033870","tt0033870","Die Spur des Falken (1941)","die spur des falken","http://www.imdb.com/title/tt0033870/",8.2,"86012",6000,1941,"video.movie",1,"0",67,332,294,3,0,0,0,0,0,0,1,0,1,0,0,1,0,0,0,0,0,0,0,0,0,0,0,0,0,0,0,0
"17","titles01/tt0034583","tt0034583","Casablanca (1942)","casablanca","http://www.imdb.com/title/tt0034583/",8.6,"296802",6120,1942,"video.movie",5,"6",153,382,960,3,0,0,0,0,0,0,0,0,1,0,0,0,0,0,0,0,0,0,0,0,1,0,0,0,0,0,1,0
"18","titles01/tt0036775","tt0036775","Frau ohne Gewissen (1944)","frau ohne gewissen","http://www.imdb.com/title/tt0036775/",8.5,"71266",6420,1944,"video.movie",3,"0",43,231,260,3,0,0,0,0,0,0,1,0,1,0,0,1,0,0,0,0,0,0,0,0,0,0,0,0,0,0,0,0
"19","titles01/tt0036868","tt0036868","Die besten Jahre unseres Lebens (1946)","die besten jahre unseres lebens","http://www.imdb.com/title/tt0036868/",8.3,"30002",10320,1946,"video.movie",13,"1",15,129,218,3,0,0,0,0,0,0,0,0,1,0,0,0,0,0,0,0,0,0,0,0,1,0,0,0,0,0,1,0
"20","titles01/tt0038355","tt0038355","Tote schlafen fest (1946)","tote schlafen fest","http://www.imdb.com/title/tt0038355/",8.1,"50020",6840,1946,"video.movie",1,"0",52,171,215,3,0,0,0,0,0,0,1,0,0,0,0,1,0,0,0,0,0,1,0,0,0,0,0,0,0,0,0,0
"21","titles01/tt0038650","tt0038650","It's a Wonderful Life (1946)","it s a wonderful life","http://www.imdb.com/title/tt0038650/",8.7,"197764",7800,1946,"video.movie",6,"0",65,531,626,3,0,0,0,0,0,0,0,0,1,1,1,0,0,0,0,0,0,0,0,0,0,0,0,0,0,0,0,0
"22","titles01/tt0038787","tt0038787","Berchtigt (1946)","ber chtigt","http://www.imdb.com/title/tt0038787/",8.2,"56306",6060,1946,"video.movie",2,"1",56,102,260,3,0,0,0,0,0,0,0,0,1,0,0,1,0,0,0,0,0,0,0,0,1,0,0,0,0,0,0,0
"23","titles01/tt0040522","tt0040522","Fahrraddiebe (1948)","fahrraddiebe","http://www.imdb.com/title/tt0040522/",8.4,"63797",5280,1948,"video.movie",17,"0",17,239,202,1,0,0,0,0,0,0,0,0,1,0,0,0,0,0,0,0,0,0,0,0,0,0,0,0,0,0,0,0
"24","titles01/tt0040746","tt0040746","Cocktail fr eine Leiche (1948)","cocktail f r eine leiche","http://www.imdb.com/title/tt0040746/",8.1,"72370",4800,1948,"video.movie",0,"0",42,199,283,3,0,0,0,0,0,0,1,0,1,0,0,0,0,0,0,0,0,0,0,0,0,0,0,0,0,1,0,0
"25","titles01/tt0040897","tt0040897","Der Schatz der Sierra Madre (1948)","der schatz der sierra madre","http://www.imdb.com/title/tt0040897/",8.4,"59298",7560,1948,"video.movie",12,"4",41,149,190,3,1,0,1,0,0,0,0,0,1,0,0,0,0,0,0,0,0,0,0,0,0,0,0,0,0,0,0,0
"26","titles01/tt0041959","tt0041959","Der dritte Mann (1949)","der dritte mann","http://www.imdb.com/title/tt0041959/",8.4,"85964",6240,1949,"video.movie",3,"4",62,338,364,3,0,0,0,0,0,0,0,0,0,0,0,1,0,0,0,0,0,1,0,0,0,0,0,0,0,1,0,0
"27","titles01/tt0042192","tt0042192","Alles ber Eva (1950)","alles ber eva","http://www.imdb.com/title/tt0042192/",8.4,"61738",8280,1950,"video.movie",15,"15",42,253,276,1,0,0,0,0,0,0,0,0,1,0,0,0,0,0,0,0,0,0,0,0,0,0,0,0,0,0,0,0
"28","titles01/tt0042876","tt0042876","Rashomon (1950)","rashomon","http://www.imdb.com/title/tt0042876/",8.4,"74219",5280,1950,"video.movie",9,"2",19,102,238,2,0,0,0,0,0,0,1,0,1,0,0,0,0,0,0,0,0,0,0,0,0,0,0,0,0,0,0,0
"29","titles01/tt0043014","tt0043014","Boulevard der Dmmerung (1950)","boulevard der d mmerung","http://www.imdb.com/title/tt0043014/",8.6,"102072",6600,1950,"video.movie",17,"13",58,1033,394,2,0,0,0,0,0,0,0,0,1,0,0,1,0,0,0,0,0,0,0,0,0,0,0,0,0,0,0,0
"30","titles01/tt0044079","tt0044079","Der Fremde im Zug (1951)","der fremde im zug","http://www.imdb.com/title/tt0044079/",8.1,"69387",5520,1951,"video.movie",1,"1",42,326,245,3,0,0,0,0,0,0,1,0,0,0,0,1,0,0,0,0,0,0,0,0,0,0,0,0,0,1,0,0
"31","titles01/tt0044706","tt0044706","Zwlf Uhr mittags (1952)","zw lf uhr mittags","http://www.imdb.com/title/tt0044706/",8.2,"60817",5100,1952,"video.movie",12,"10",48,361,309,2,0,0,0,0,0,0,0,0,1,0,0,0,0,0,0,0,0,0,0,0,0,0,0,0,0,0,0,1
"32","titles01/tt0044741","tt0044741","Ikiru - Einmal richtig leben (1952)","ikiru einmal richtig leben","http://www.imdb.com/title/tt0044741/",8.4,"29478",8580,1952,"video.movie",5,"0",13,57,136,1,0,0,0,0,0,0,0,0,1,0,0,0,0,0,0,0,0,0,0,0,0,0,0,0,0,0,0,0
"33","titles01/tt0045152","tt0045152","Du sollst mein Glcksstern sein (1952)","du sollst mein gl cksstern sein","http://www.imdb.com/title/tt0045152/",8.4,"108115",6180,1952,"video.movie",4,"7",61,333,441,3,0,0,0,0,0,1,0,0,0,0,0,0,0,0,0,0,1,0,0,0,1,0,0,0,0,0,0,0
"34","titles01/tt0046250","tt0046250","Ein Herz und eine Krone (1953)","ein herz und eine krone","http://www.imdb.com/title/tt0046250/",8.1,"69739",7080,1953,"video.movie",7,"14",50,136,193,3,0,0,0,0,0,1,0,0,1,0,0,0,0,0,0,0,0,0,0,0,1,0,0,0,0,0,0,0
"35","titles01/tt0046359","tt0046359","Stalag 17 (1953)","stalag","http://www.imdb.com/title/tt0046359/",8.1,"36013",6960,1953,"video.movie",1,"4",23,67,130,3,0,0,0,0,0,1,0,0,1,0,0,0,0,0,0,0,0,0,0,0,0,0,0,0,0,0,1,0
"36","titles01/tt0046911","tt0046911","Die Teuflischen (1955)","die teuflischen","http://www.imdb.com/title/tt0046911/",8.3,"29309",6840,1955,"video.movie",4,"0",20,77,135,3,0,0,0,0,0,0,0,0,0,0,0,0,0,0,1,0,0,1,0,0,0,0,0,0,0,1,0,0
"37","titles01/tt0046912","tt0046912","Bei Anruf Mord (1954)","bei anruf mord","http://www.imdb.com/title/tt0046912/",8.2,"72579",6300,1954,"video.movie",3,"2",51,232,223,2,0,0,0,0,0,0,1,0,0,0,0,0,0,0,0,0,0,0,0,0,0,0,0,0,0,1,0,0
"38","titles01/tt0047296","tt0047296","Die Faust im Nacken (1954)","die faust im nacken","http://www.imdb.com/title/tt0047296/",8.3,"74023",6480,1954,"video.movie",21,"7",45,352,255,2,0,0,0,0,0,0,1,0,1,0,0,0,0,0,0,0,0,0,0,0,0,0,0,0,0,0,0,0
"39","titles01/tt0047396","tt0047396","Das Fenster zum Hof (1954)","das fenster zum hof","http://www.imdb.com/title/tt0047396/",8.6,"229323",6720,1954,"video.movie",6,"6",98,711,580,2,0,0,0,0,0,0,0,0,0,0,0,0,0,0,0,0,0,1,0,0,0,0,0,0,0,1,0,0
"40","titles01/tt0047478","tt0047478","Die sieben Samurai (1954)","die sieben samurai","http://www.imdb.com/title/tt0047478/",8.8,"172690",12420,1954,"video.movie",4,"5",33,576,548,2,1,0,0,0,0,0,0,0,1,0,0,0,0,0,0,0,0,0,0,0,0,0,0,0,0,0,0,0
"41","titles01/tt0047528","tt0047528","Das Lied der Strae (1954)","das lied der stra e","http://www.imdb.com/title/tt0047528/",8.2,"35143",6480,1954,"video.movie",10,"4",25,108,108,1,0,0,0,0,0,0,0,0,1,0,0,0,0,0,0,0,0,0,0,0,0,0,0,0,0,0,0,0
"42","titles01/tt0048424","tt0048424","Die Nacht des Jgers (1955)","die nacht des j gers","http://www.imdb.com/title/tt0048424/",8.1,"47739",5580,1955,"video.movie",1,"0",42,152,322,3,0,0,0,0,0,0,1,0,0,0,0,1,0,0,0,0,0,0,0,0,0,0,0,0,0,1,0,0
"43","titles01/tt0049406","tt0049406","Killing (1956)","killing","http://www.imdb.com/title/tt0049406/",8.1,"47740",5100,1956,"video.movie",0,"0",21,59,304,3,0,0,0,0,0,0,1,0,0,0,0,1,0,0,0,0,0,0,0,0,0,0,0,0,0,1,0,0
"44","titles01/tt0050083","tt0050083","Die zwlf Geschworenen (1957)","die zw lf geschworenen","http://www.imdb.com/title/tt0050083/",8.9,"293725",5760,1957,"video.movie",16,"6",31,68,726,1,0,0,0,0,0,0,0,0,1,0,0,0,0,0,0,0,0,0,0,0,0,0,0,0,0,0,0,0
"45","titles01/tt0050212","tt0050212","Die Brcke am Kwai (1957)","die br cke am kwai","http://www.imdb.com/title/tt0050212/",8.3,"109972",9660,1957,"video.movie",24,"5",59,160,243,3,0,0,1,0,0,0,0,0,1,0,0,0,0,0,0,0,0,0,0,0,0,0,0,0,0,0,1,0
"46","titles01/tt0050825","tt0050825","Wege zum Ruhm (1957)","wege zum ruhm","http://www.imdb.com/title/tt0050825/",8.5,"84945",5280,1957,"video.movie",3,"2",26,208,313,2,0,0,0,0,0,0,0,0,1,0,0,0,0,0,0,0,0,0,0,0,0,0,0,0,0,0,1,0
"47","titles01/tt0050976","tt0050976","Das siebente Siegel (1957)","das siebente siegel","http://www.imdb.com/title/tt0050976/",8.3,"80684",5760,1957,"video.movie",7,"1",28,193,236,2,0,0,0,0,0,0,0,0,1,0,1,0,0,0,0,0,0,0,0,0,0,0,0,0,0,0,0,0
"48","titles01/tt0050986","tt0050986","Wilde Erdbeeren (1957)","wilde erdbeeren","http://www.imdb.com/title/tt0050986/",8.3,"45457",5460,1957,"video.movie",12,"2",29,107,130,1,0,0,0,0,0,0,0,0,1,0,0,0,0,0,0,0,0,0,0,0,0,0,0,0,0,0,0,0
"49","titles01/tt0051201","tt0051201","Zeugin der Anklage (1957)","zeugin der anklage","http://www.imdb.com/title/tt0051201/",8.5,"40385",6960,1957,"video.movie",3,"8",23,32,172,3,0,0,0,0,0,0,1,0,1,0,0,0,0,0,0,0,0,1,0,0,0,0,0,0,0,0,0,0
"50","titles01/tt0052311","tt0052311","Im Zeichen des Bsen (1958)","im zeichen des b sen","http://www.imdb.com/title/tt0052311/",8.2,"55474",5700,1958,"video.movie",3,"1",28,211,245,3,0,0,0,0,0,0,1,0,0,0,0,1,0,0,0,0,0,0,0,0,0,0,0,0,0,1,0,0
"51","titles01/tt0052357","tt0052357","Vertigo - Aus dem Reich der Toten (1958)","vertigo aus dem reich der toten","http://www.imdb.com/title/tt0052357/",8.5,"176267",7680,1958,"video.movie",6,"3",106,671,618,3,0,0,0,0,0,0,0,0,0,0,0,0,0,0,0,0,0,1,0,0,1,0,0,0,0,1,0,0
"52","titles01/tt0052618","tt0052618","Ben Hur (1959)","ben hur","http://www.imdb.com/title/tt0052618/",8.2,"115402",12720,1959,"video.movie",20,"5",79,193,340,2,0,0,1,0,0,0,0,0,1,0,0,0,0,0,0,0,0,0,0,0,0,0,0,0,0,0,0,0
"53","titles01/tt0053125","tt0053125","Der unsichtbare Dritte (1959)","der unsichtbare dritte","http://www.imdb.com/title/tt0053125/",8.5,"166029",8160,1959,"video.movie",7,"4",85,644,466,3,1,0,1,0,0,0,0,0,0,0,0,0,0,0,0,0,0,1,0,0,0,0,0,0,0,0,0,0
"54","titles01/tt0053198","tt0053198","Sie kten und sie schlugen ihn (1959)","sie k ten und sie schlugen ihn","http://www.imdb.com/title/tt0053198/",8.2,"49996",5940,1959,"video.movie",6,"3",36,178,159,2,0,0,0,0,0,0,1,0,1,0,0,0,0,0,0,0,0,0,0,0,0,0,0,0,0,0,0,0
"55","titles01/tt0053291","tt0053291","Manche mgen's hei (1959)","manche m gen s hei","http://www.imdb.com/title/tt0053291/",8.4,"129721",7200,1959,"video.movie",12,"8",96,546,329,1,0,0,0,0,0,1,0,0,0,0,0,0,0,0,0,0,0,0,0,0,0,0,0,0,0,0,0,0
"56","titles01/tt0053604","tt0053604","Das Appartement (1960)","das appartement","http://www.imdb.com/title/tt0053604/",8.4,"77601",7500,1960,"video.movie",18,"8",36,211,221,3,0,0,0,0,0,1,0,0,1,0,0,0,0,0,0,0,0,0,0,0,1,0,0,0,0,0,0,0
"57","titles01/tt0053779","tt0053779","Das se Leben (1960)","das s e leben","http://www.imdb.com/title/tt0053779/",8.1,"35788",10440,1960,"video.movie",8,"12",51,350,149,2,0,0,0,0,0,1,0,0,1,0,0,0,0,0,0,0,0,0,0,0,0,0,0,0,0,0,0,0
"58","titles01/tt0054215","tt0054215","Psycho (1960)","psycho","http://www.imdb.com/title/tt0054215/",8.6,"296676",6540,1960,"video.movie",6,"5",156,2059,885,3,0,0,0,0,0,0,0,0,0,0,0,0,0,0,1,0,0,1,0,0,0,0,0,0,0,1,0,0
"59","titles01/tt0054997","tt0054997","Haie der Grostadt (1961)","haie der gro stadt","http://www.imdb.com/title/tt0054997/",8.1,"47138",8040,1961,"video.movie",15,"14",29,130,145,2,0,0,0,0,0,0,0,0,1,0,0,0,0,0,0,0,0,0,0,0,0,0,0,1,0,0,0,0
"60","titles01/tt0055031","tt0055031","Das Urteil von Nrnberg (1961)","das urteil von n rnberg","http://www.imdb.com/title/tt0055031/",8.3,"28790",11160,1961,"video.movie",17,"21",30,98,156,3,0,0,0,0,0,0,0,0,1,0,0,0,0,1,0,0,0,0,0,0,0,0,0,0,0,0,1,0
"61","titles01/tt0055630","tt0055630","Die Leibwache (1961)","die leibwache","http://www.imdb.com/title/tt0055630/",8.4,"53475",6600,1961,"video.movie",4,"1",23,144,139,2,1,0,1,0,0,0,0,0,0,0,0,0,0,0,0,0,0,0,0,0,0,0,0,0,0,0,0,0
"62","titles01/tt0056172","tt0056172","Lawrence von Arabien (1962)","lawrence von arabien","http://www.imdb.com/title/tt0056172/",8.4,"140727",12960,1962,"video.movie",20,"13",91,929,509,3,0,0,1,0,1,0,0,0,1,0,0,0,0,0,0,0,0,0,0,0,0,0,0,0,0,0,0,0
"63","titles01/tt0056592","tt0056592","Wer die Nachtigall strt (1962)","wer die nachtigall st rt","http://www.imdb.com/title/tt0056592/",8.4,"154978",7740,1962,"video.movie",12,"12",49,524,407,3,0,0,0,0,0,0,1,0,1,0,0,0,0,0,0,0,0,1,0,0,0,0,0,0,0,0,0,0
"64","titles01/tt0056801","tt0056801","Achteinhalb (1963)","achteinhalb","http://www.imdb.com/title/tt0056801/",8.2,"58426",8280,1963,"video.movie",14,"8",41,22,202,2,0,0,0,0,0,0,0,0,1,0,1,0,0,0,0,0,0,0,0,0,0,0,0,0,0,0,0,0
"65","titles01/tt0057115","tt0057115","Gesprengte Ketten (1963)","gesprengte ketten","http://www.imdb.com/title/tt0057115/",8.3,"120161",10320,1963,"video.movie",4,"4",164,309,285,3,0,0,1,0,0,0,0,0,1,0,0,0,0,1,0,0,0,0,0,0,0,0,0,0,0,0,0,0
"66","titles01/tt0058461","tt0058461","Fr eine Handvoll Dollar (1964)","f r eine handvoll dollar","http://www.imdb.com/title/tt0058461/",8.1,"92532",5940,1964,"video.movie",1,"1",71,206,215,1,0,0,0,0,0,0,0,0,0,0,0,0,0,0,0,0,0,0,0,0,0,0,0,0,0,0,0,1
"67","titles01/tt0058946","tt0058946","Schlacht um Algier (1966)","schlacht um algier","http://www.imdb.com/title/tt0058946/",8.2,"25876",7260,1966,"video.movie",9,"3",11,129,236,3,0,0,0,0,0,0,1,0,1,0,0,0,0,1,0,0,0,0,0,0,0,0,0,0,0,0,0,0
"68","titles01/tt0059578","tt0059578","Fr ein paar Dollar mehr (1965)","f r ein paar dollar mehr","http://www.imdb.com/title/tt0059578/",8.4,"104305",7920,1965,"video.movie",0,"0",56,102,201,1,0,0,0,0,0,0,0,0,0,0,0,0,0,0,0,0,0,0,0,0,0,0,0,0,0,0,0,1
"69","titles01/tt0060196","tt0060196","Zwei glorreiche Halunken (1966)","zwei glorreiche halunken","http://www.imdb.com/title/tt0060196/",9,"354997",9660,1966,"video.movie",1,"0",189,11,684,2,0,0,1,0,0,0,0,0,0,0,0,0,0,0,0,0,0,0,0,0,0,0,0,0,0,0,0,1
"70","titles01/tt0060827","tt0060827","Persona (1966)","persona","http://www.imdb.com/title/tt0060827/",8.2,"40639",5100,1966,"video.movie",8,"1",21,92,149,1,0,0,0,0,0,0,0,0,1,0,0,0,0,0,0,0,0,0,0,0,0,0,0,0,0,0,0,0
"71","titles01/tt0061184","tt0061184","Wer hat Angst vor Virginia Woolf? (1966)","wer hat angst vor virginia woolf","http://www.imdb.com/title/tt0061184/",8.2,"41330",7860,1966,"video.movie",20,"18",72,10,213,1,0,0,0,0,0,0,0,0,1,0,0,0,0,0,0,0,0,0,0,0,0,0,0,0,0,0,0,0
"72","titles01/tt0061512","tt0061512","Der Unbeugsame (1967)","der unbeugsame","http://www.imdb.com/title/tt0061512/",8.2,"90643",7560,1967,"video.movie",5,"6",42,229,249,2,0,0,0,0,0,0,1,0,1,0,0,0,0,0,0,0,0,0,0,0,0,0,0,0,0,0,0,0
"73","titles01/tt0061722","tt0061722","Die Reifeprfung (1967)","die reifepr fung","http://www.imdb.com/title/tt0061722/",8.1,"161502",6360,1967,"video.movie",20,"13",94,329,573,3,0,0,0,0,0,1,0,0,1,0,0,0,0,0,0,0,0,0,0,0,1,0,0,0,0,0,0,0
"74","titles01/tt0062622","tt0062622","2001: Odyssee im Weltraum (1968)","odyssee im weltraum","http://www.imdb.com/title/tt0062622/",8.3,"295641",9600,1968,"video.movie",12,"6",174,28,1568,3,0,0,1,0,0,0,0,0,0,0,0,0,0,0,0,0,0,1,0,0,0,1,0,0,0,0,0,0
"75","titles01/tt0064115","tt0064115","Butch Cassidy und Sundance Kid (1969)","butch cassidy und sundance kid","http://www.imdb.com/title/tt0064115/",8.2,"111087",6600,1969,"video.movie",18,"12",51,508,281,3,0,0,1,0,1,0,1,0,0,0,0,0,0,0,0,0,0,0,0,0,0,0,0,0,0,0,0,0
"76","titles01/tt0064116","tt0064116","Spiel mir das Lied vom Tod (1968)","spiel mir das lied vom tod","http://www.imdb.com/title/tt0064116/",8.7,"158065",10500,1968,"video.movie",5,"4",61,277,518,1,0,0,0,0,0,0,0,0,0,0,0,0,0,0,0,0,0,0,0,0,0,0,0,0,0,0,0,1
"77","titles01/tt0066921","tt0066921","Uhrwerk Orange (1971)","uhrwerk orange","http://www.imdb.com/title/tt0066921/",8.4,"386962",8160,1971,"video.movie",11,"13",80,1076,1250,3,0,0,0,0,0,0,1,0,1,0,0,0,0,0,0,0,0,0,0,0,0,1,0,0,0,0,0,0
"78","titles01/tt0068646","tt0068646","Der Pate (1972)","der pate","http://www.imdb.com/title/tt0068646/",9.2,"821410",10500,1972,"video.movie",29,"19",148,1307,1751,2,0,0,0,0,0,0,1,0,1,0,0,0,0,0,0,0,0,0,0,0,0,0,0,0,0,0,0,0
"79","titles01/tt0070735","tt0070735","Der Clou (1973)","der clou","http://www.imdb.com/title/tt0070735/",8.4,"127640",7740,1973,"video.movie",10,"6",67,275,224,3,0,0,0,0,0,1,1,0,1,0,0,0,0,0,0,0,0,0,0,0,0,0,0,0,0,0,0,0
"80","titles01/tt0071315","tt0071315","Chinatown (1974)","chinatown","http://www.imdb.com/title/tt0071315/",8.3,"159935",7800,1974,"video.movie",20,"22",73,547,412,3,0,0,0,0,0,0,0,0,1,0,0,0,0,0,0,0,0,1,0,0,0,0,0,0,0,1,0,0
"81","titles01/tt0071562","tt0071562","Der Pate 2 (1974)","der pate","http://www.imdb.com/title/tt0071562/",9.1,"541351",12000,1974,"video.movie",11,"16",73,197,565,2,0,0,0,0,0,0,1,0,1,0,0,0,0,0,0,0,0,0,0,0,0,0,0,0,0,0,0,0
"82","titles01/tt0071853","tt0071853","Die Ritter der Kokosnu (1975)","die ritter der kokosnu","http://www.imdb.com/title/tt0071853/",8.4,"284563",5460,1975,"video.movie",0,"0",48,260,613,3,0,0,1,0,0,1,0,0,0,0,1,0,0,0,0,0,0,0,0,0,0,0,0,0,0,0,0,0
"83","titles01/tt0072684","tt0072684","Barry Lyndon (1975)","barry lyndon","http://www.imdb.com/title/tt0072684/",8.1,"74677",11040,1975,"video.movie",15,"11",34,253,341,1,0,0,0,0,0,0,0,0,1,0,0,0,0,0,0,0,0,0,0,0,0,0,0,0,0,0,0,0
"84","titles01/tt0072890","tt0072890","Hundstage (1975)","hundstage","http://www.imdb.com/title/tt0072890/",8.1,"137696",7500,1975,"video.movie",13,"17",35,438,228,2,0,0,0,0,0,0,1,0,1,0,0,0,0,0,0,0,0,0,0,0,0,0,0,0,0,0,0,0
"85","titles01/tt0073195","tt0073195","Der weie Hai (1975)","der wei e hai","http://www.imdb.com/title/tt0073195/",8.1,"290528",7440,1975,"video.movie",9,"14",95,1497,880,3,0,0,1,0,0,0,0,0,0,0,0,0,0,0,1,0,0,0,0,0,0,0,0,0,0,1,0,0
"86","titles01/tt0073486","tt0073486","Einer flog ber das Kuckucksnest (1975)","einer flog ber das kuckucksnest","http://www.imdb.com/title/tt0073486/",8.8,"492141",7980,1975,"video.movie",30,"12",59,397,675,1,0,0,0,0,0,0,0,0,1,0,0,0,0,0,0,0,0,0,0,0,0,0,0,0,0,0,0,0
"87","titles01/tt0074958","tt0074958","Network (1976)","network","http://www.imdb.com/title/tt0074958/",8.2,"75434",7260,1976,"video.movie",22,"19",49,366,295,1,0,0,0,0,0,0,0,0,1,0,0,0,0,0,0,0,0,0,0,0,0,0,0,0,0,0,0,0
"88","titles01/tt0075148","tt0075148","Rocky (1976)","rocky","http://www.imdb.com/title/tt0075148/",8.1,"243942",7140,1976,"video.movie",17,"20",105,1161,479,2,0,0,0,0,0,0,0,0,1,0,0,0,0,0,0,0,0,0,0,0,0,0,0,1,0,0,0,0
"89","titles01/tt0075314","tt0075314","Taxi Driver (1976)","taxi driver","http://www.imdb.com/title/tt0075314/",8.4,"351181",6780,1976,"video.movie",26,"9",80,1830,768,2,0,0,0,0,0,0,1,0,1,0,0,0,0,0,0,0,0,0,0,0,0,0,0,0,0,0,0,0
"90","titles01/tt0075686","tt0075686","Der Stadtneurotiker (1977)","der stadtneurotiker","http://www.imdb.com/title/tt0075686/",8.2,"138617",5580,1977,"video.movie",26,"7",41,37,408,2,0,0,0,0,0,1,0,0,0,0,0,0,0,0,0,0,0,0,0,0,1,0,0,0,0,0,0,0
"91","titles01/tt0076759","tt0076759","Krieg der Sterne (1977)","krieg der sterne","http://www.imdb.com/title/tt0076759/",8.7,"631839",7260,1977,"video.movie",35,"26",190,23660,1325,3,1,0,1,0,0,0,0,0,0,0,1,0,0,0,0,0,0,0,0,0,0,0,0,0,0,0,0,0
"92","titles01/tt0077416","tt0077416","Die durch die Hlle gehen (1978)","die durch die h lle gehen","http://www.imdb.com/title/tt0077416/",8.2,"174642",10920,1978,"video.movie",21,"17",39,488,949,2,0,0,0,0,0,0,0,0,1,0,0,0,0,0,0,0,0,0,0,0,0,0,0,0,0,0,1,0
"93","titles01/tt0078748","tt0078748","Alien - Das unheimliche Wesen aus einer fremden Welt (1979)","alien das unheimliche wesen aus einer fremden welt","http://www.imdb.com/title/tt0078748/",8.5,"391737",7020,1979,"video.movie",12,"18",126,5671,991,2,0,0,0,0,0,0,0,0,0,0,0,0,0,0,1,0,0,0,0,0,0,1,0,0,0,0,0,0
"94","titles01/tt0078788","tt0078788","Apocalypse Now (1979)","apocalypse now","http://www.imdb.com/title/tt0078788/",8.5,"333178",9180,1979,"video.movie",17,"30",76,1356,896,2,0,0,0,0,0,0,0,0,1,0,0,0,0,0,0,0,0,0,0,0,0,0,0,0,0,0,1,0
"95","titles01/tt0079470","tt0079470","Das Leben des Brian (1979)","das leben des brian","http://www.imdb.com/title/tt0079470/",8.2,"198548",5640,1979,"video.movie",0,"0",46,275,298,1,0,0,0,0,0,1,0,0,0,0,0,0,0,0,0,0,0,0,0,0,0,0,0,0,0,0,0,0
"96","titles01/tt0079944","tt0079944","Stalker (1979)","stalker","http://www.imdb.com/title/tt0079944/",8.2,"47589",9780,1979,"video.movie",2,"1",15,34,253,2,0,0,0,0,0,0,0,0,1,0,0,0,0,0,0,0,0,0,0,0,0,1,0,0,0,0,0,0
"97","titles01/tt0080678","tt0080678","Der Elefantenmensch (1980)","der elefantenmensch","http://www.imdb.com/title/tt0080678/",8.3,"120156",7440,1980,"video.movie",10,"13",36,242,325,2,0,0,0,0,1,0,0,0,1,0,0,0,0,0,0,0,0,0,0,0,0,0,0,0,0,0,0,0
"98","titles01/tt0080684","tt0080684","Das Imperium schlgt zurck (1980)","das imperium schl gt zur ck","http://www.imdb.com/title/tt0080684/",8.8,"563252",7440,1980,"video.movie",12,"16",105,1774,764,3,1,0,1,0,0,0,0,0,0,0,0,0,0,0,0,0,0,0,0,0,0,1,0,0,0,0,0,0
"99","titles01/tt0081398","tt0081398","Wie ein wilder Stier (1980)","wie ein wilder stier","http://www.imdb.com/title/tt0081398/",8.3,"172854",7740,1980,"video.movie",26,"19",51,1478,454,3,0,0,0,0,1,0,0,0,1,0,0,0,0,0,0,0,0,0,0,0,0,0,0,1,0,0,0,0
"100","titles01/tt0081505","tt0081505","Shining (1980)","shining","http://www.imdb.com/title/tt0081505/",8.5,"418163",8640,1980,"video.movie",2,"5",16,1528,1208,1,0,0,0,0,0,0,0,0,0,0,0,0,0,0,1,0,0,0,0,0,0,0,0,0,0,0,0,0
"101","titles01/tt0082096","tt0082096","Das Boot (1981)","das boot","http://www.imdb.com/title/tt0082096/",8.5,"127022",8940,1981,"video.movie",13,"5",94,67,397,3,1,0,1,0,0,0,0,0,1,0,0,0,0,0,0,0,0,0,0,0,0,0,0,0,0,0,0,0
"102","titles01/tt0082971","tt0082971","Jger des verlorenen Schatzes (1981)","j ger des verlorenen schatzes","http://www.imdb.com/title/tt0082971/",8.6,"473742",6900,1981,"video.movie",25,"22",69,2004,691,2,1,0,1,0,0,0,0,0,0,0,0,0,0,0,0,0,0,0,0,0,0,0,0,0,0,0,0,0
"103","titles01/tt0083658","tt0083658","Der Blade Runner (1982)","der blade runner","http://www.imdb.com/title/tt0083658/",8.3,"350268",7020,1982,"video.movie",10,"15",104,4395,1072,3,0,0,0,0,0,0,0,0,1,0,0,0,0,0,0,0,0,0,0,0,0,1,0,0,0,1,0,0
"104","titles01/tt0083922","tt0083922","Fanny und Alexander (1982)","fanny und alexander","http://www.imdb.com/title/tt0083922/",8.2,"30266",11280,1982,"video.movie",20,"7",20,99,91,1,0,0,0,0,0,0,0,0,1,0,0,0,0,0,0,0,0,0,0,0,0,0,0,0,0,0,0,0
"105","titles01/tt0083987","tt0083987","Gandhi (1982)","gandhi","http://www.imdb.com/title/tt0083987/",8.1,"121887",11460,1982,"video.movie",30,"16",108,304,222,3,0,0,0,0,1,0,0,0,1,0,0,0,0,1,0,0,0,0,0,0,0,0,0,0,0,0,0,0
"106","titles01/tt0084787","tt0084787","Das Ding aus einer anderen Welt (1982)","das ding aus einer anderen welt","http://www.imdb.com/title/tt0084787/",8.2,"188733",6540,1982,"video.movie",0,"0",40,1702,849,3,0,0,0,0,0,0,0,0,0,0,0,0,0,0,1,0,0,1,0,0,0,1,0,0,0,0,0,0
"107","titles01/tt0085334","tt0085334","Frhliche Weihnachten (1983)","fr hliche weihnachten","http://www.imdb.com/title/tt0085334/",8.1,"85811",5640,1983,"video.movie",3,"11",27,621,431,2,0,0,0,0,0,1,0,0,0,1,0,0,0,0,0,0,0,0,0,0,0,0,0,0,0,0,0,0
"108","titles01/tt0086190","tt0086190","Die Rckkehr der Jedi-Ritter (1983)","die r ckkehr der jedi ritter","http://www.imdb.com/title/tt0086190/",8.4,"445123",8040,1983,"video.movie",12,"14",94,1879,558,3,1,0,1,0,0,0,0,0,0,0,1,0,0,0,0,0,0,0,0,0,0,0,0,0,0,0,0,0
"109","titles01/tt0086879","tt0086879","Amadeus (1984)","amadeus","http://www.imdb.com/title/tt0086879/",8.4,"198201",9600,1984,"video.movie",33,"13",66,242,500,3,0,0,0,0,1,0,0,0,1,0,0,0,0,0,0,1,0,0,0,0,0,0,0,0,0,0,0,0
"110","titles01/tt0087544","tt0087544","Nausica - Prinzessin aus dem Tal der Winde (1984)","nausica prinzessin aus dem tal der winde","http://www.imdb.com/title/tt0087544/",8.2,"60197",7020,1984,"video.movie",3,"0",11,41,161,3,1,0,1,1,0,0,0,0,0,0,0,0,0,0,0,0,0,0,0,0,0,0,0,0,0,0,0,0
"111","titles01/tt0087843","tt0087843","Es war einmal in Amerika (1984)","es war einmal in amerika","http://www.imdb.com/title/tt0087843/",8.4,"159607",13740,1984,"video.movie",13,"4",49,187,461,2,0,0,0,0,0,0,1,0,1,0,0,0,0,0,0,0,0,0,0,0,0,0,0,0,0,0,0,0
"112","titles01/tt0088247","tt0088247","Terminator (1984)","terminator","http://www.imdb.com/title/tt0088247/",8.1,"413108",6420,1984,"video.movie",5,"6",67,3869,602,2,1,0,0,0,0,0,0,0,0,0,0,0,0,0,0,0,0,0,0,0,0,1,0,0,0,0,0,0
"113","titles01/tt0088763","tt0088763","Zurck in die Zukunft (1985)","zur ck in die zukunft","http://www.imdb.com/title/tt0088763/",8.5,"478445",6960,1985,"video.movie",13,"24",78,3628,680,3,0,0,1,0,0,1,0,0,0,0,0,0,0,0,0,0,0,0,0,0,0,1,0,0,0,0,0,0
"114","titles01/tt0089881","tt0089881","Ran (1985)","ran","http://www.imdb.com/title/tt0089881/",8.3,"58697",9720,1985,"video.movie",28,"18",25,106,220,3,1,0,0,0,0,0,0,0,1,0,0,0,0,0,0,0,0,0,0,0,0,0,0,0,0,0,1,0
"115","titles01/tt0090605","tt0090605","Aliens - Die Rckkehr (1986)","aliens die r ckkehr","http://www.imdb.com/title/tt0090605/",8.5,"353899",8220,1986,"video.movie",16,"21",95,2150,998,3,1,0,1,0,0,0,0,0,0,0,0,0,0,0,0,0,0,0,0,0,0,1,0,0,0,0,0,0
"116","titles01/tt0091763","tt0091763","Platoon (1986)","platoon","http://www.imdb.com/title/tt0091763/",8.2,"217699",7200,1986,"video.movie",22,"10",47,467,476,3,1,0,0,0,0,0,0,0,1,0,0,0,0,0,0,0,0,0,0,0,0,0,0,0,0,0,1,0
"117","titles01/tt0092005","tt0092005","Stand by Me - Das Geheimnis eines Sommers (1986)","stand by me das geheimnis eines sommers","http://www.imdb.com/title/tt0092005/",8.2,"198139",5340,1986,"video.movie",3,"10",60,903,536,2,0,0,1,0,0,0,0,0,1,0,0,0,0,0,0,0,0,0,0,0,0,0,0,0,0,0,0,0
"118","titles01/tt0092067","tt0092067","Das Schloss im Himmel (1986)","das schloss im himmel","http://www.imdb.com/title/tt0092067/",8.1,"61387",7440,1986,"video.movie",1,"0",20,132,152,3,1,0,1,1,0,0,0,0,0,0,0,0,0,0,0,0,0,0,0,0,0,0,0,0,0,0,0,0
"119","titles01/tt0093058","tt0093058","Full Metal Jacket (1987)","full metal jacket","http://www.imdb.com/title/tt0093058/",8.4,"334586",6960,1987,"video.movie",7,"7",53,621,621,2,0,0,0,0,0,0,0,0,1,0,0,0,0,0,0,0,0,0,0,0,0,0,0,0,0,0,1,0
"120","titles01/tt0093779","tt0093779","Die Braut des Prinzen (1987)","die braut des prinzen","http://www.imdb.com/title/tt0093779/",8.2,"222749",5880,1987,"video.movie",5,"8",71,958,662,3,0,0,1,0,0,1,0,0,0,1,0,0,0,0,0,0,0,0,0,0,0,0,0,0,0,0,0,0
"121","titles01/tt0095016","tt0095016","Stirb langsam (1988)","stirb langsam","http://www.imdb.com/title/tt0095016/",8.3,"431906",7860,1988,"video.movie",6,"2",63,2360,667,2,1,0,0,0,0,0,0,0,0,0,0,0,0,0,0,0,0,0,0,0,0,0,0,0,0,1,0,0
"122","titles01/tt0095327","tt0095327","Die letzten Leuchtkfer (1988)","die letzten leuchtk fer","http://www.imdb.com/title/tt0095327/",8.5,"85046",5340,1988,"video.movie",3,"0",16,156,436,3,0,0,0,1,0,0,0,0,1,0,0,0,0,0,0,0,0,0,0,0,0,0,0,0,0,0,1,0
"123","titles01/tt0095765","tt0095765","Cinema Paradiso (1988)","cinema paradiso","http://www.imdb.com/title/tt0095765/",8.5,"103093",9300,1988,"video.movie",19,"22",60,215,357,1,0,0,0,0,0,0,0,0,1,0,0,0,0,0,0,0,0,0,0,0,0,0,0,0,0,0,0,0
"124","titles01/tt0096283","tt0096283","Mein Nachbar Totoro (1988)","mein nachbar totoro","http://www.imdb.com/title/tt0096283/",8.3,"101445",5160,1988,"video.movie",5,"1",39,330,273,3,0,0,0,1,0,0,0,0,0,1,1,0,0,0,0,0,0,0,0,0,0,0,0,0,0,0,0,0
"125","titles01/tt0097576","tt0097576","Indiana Jones und der letzte Kreuzzug (1989)","indiana jones und der letzte kreuzzug","http://www.imdb.com/title/tt0097576/",8.3,"364585",7620,1989,"video.movie",4,"19",66,362,440,2,1,0,1,0,0,0,0,0,0,0,0,0,0,0,0,0,0,0,0,0,0,0,0,0,0,0,0,0
"126","titles01/tt0099685","tt0099685","GoodFellas - Drei Jahrzehnte in der Mafia (1990)","goodfellas drei jahrzehnte in der mafia","http://www.imdb.com/title/tt0099685/",8.8,"515242",8760,1990,"video.movie",40,"23",68,1504,883,3,0,0,0,0,1,0,1,0,1,0,0,0,0,0,0,0,0,0,0,0,0,0,0,0,0,0,0,0
"127","titles01/tt0101414","tt0101414","Die Schne und das Biest (1991)","die sch ne und das biest","http://www.imdb.com/title/tt0101414/",8.1,"208331",5040,1991,"video.movie",21,"19",81,3057,310,3,0,0,0,1,0,0,0,0,0,1,1,0,0,0,0,0,0,0,0,0,0,0,0,0,0,0,0,0
"128","titles01/tt0102926","tt0102926","Das Schweigen der Lmmer (1991)","das schweigen der l mmer","http://www.imdb.com/title/tt0102926/",8.6,"584102",7080,1991,"video.movie",44,"30",80,1076,798,3,0,0,0,0,0,0,1,0,1,0,0,0,0,0,0,0,0,0,0,0,0,0,0,0,0,1,0,0
"129","titles01/tt0103064","tt0103064","Terminator 2 - Tag der Abrechnung (1991)","terminator tag der abrechnung","http://www.imdb.com/title/tt0103064/",8.5,"523543",8220,1991,"video.movie",20,"19",71,855,869,3,1,0,0,0,0,0,0,0,0,0,0,0,0,0,0,0,0,0,0,0,0,1,0,0,0,1,0,0
"130","titles01/tt0105236","tt0105236","Reservoir Dogs - Wilde Hunde (1992)","reservoir dogs wilde hunde","http://www.imdb.com/title/tt0105236/",8.4,"454684",5940,1992,"video.movie",11,"9",72,1603,855,2,0,0,0,0,0,0,1,0,0,0,0,0,0,0,0,0,0,0,0,0,0,0,0,0,0,1,0,0
"131","titles01/tt0105695","tt0105695","Erbarmungslos (1992)","erbarmungslos","http://www.imdb.com/title/tt0105695/",8.3,"205938",7860,1992,"video.movie",40,"20",67,568,453,1,0,0,0,0,0,0,0,0,0,0,0,0,0,0,0,0,0,0,0,0,0,0,0,0,0,0,0,1
"132","titles01/tt0107048","tt0107048","...und tglich grt das Murmeltier (1993)","und t glich gr t das murmeltier","http://www.imdb.com/title/tt0107048/",8.1,"309177",6060,1993,"video.movie",6,"7",55,1237,542,3,0,0,0,0,0,1,0,0,1,0,1,0,0,0,0,0,0,0,0,0,0,0,0,0,0,0,0,0
"133","titles01/tt0107207","tt0107207","Im Namen des Vaters (1993)","im namen des vaters","http://www.imdb.com/title/tt0107207/",8.2,"74591",7980,1993,"video.movie",9,"15",25,318,139,3,0,0,0,0,1,0,0,0,1,0,0,0,0,0,0,0,0,0,0,0,0,0,0,0,0,1,0,0
"134","titles01/tt0108052","tt0108052","Schindlers Liste (1993)","schindlers liste","http://www.imdb.com/title/tt0108052/",8.9,"599579",11700,1993,"video.movie",70,"25",52,857,1095,3,0,0,0,0,1,0,0,0,1,0,0,0,0,1,0,0,0,0,0,0,0,0,0,0,0,0,0,0
"135","titles01/tt0109830","tt0109830","Forrest Gump (1994)","forrest gump","http://www.imdb.com/title/tt0109830/",8.8,"799314",8520,1994,"video.movie",38,"46",56,1908,1133,2,0,0,0,0,0,0,0,0,1,0,0,0,0,0,0,0,0,0,0,0,1,0,0,0,0,0,0,0
"136","titles01/tt0110357","tt0110357","Der Knig der Lwen (1994)","der k nig der l wen","http://www.imdb.com/title/tt0110357/",8.5,"408078",5340,1994,"video.movie",25,"22",111,2908,542,3,0,0,1,1,0,0,0,0,1,0,0,0,0,0,0,0,0,0,0,0,0,0,0,0,0,0,0,0
"137","titles01/tt0110413","tt0110413","Lon - Der Profi (1994)","l on der profi","http://www.imdb.com/title/tt0110413/",8.6,"501117",6600,1994,"video.movie",3,"8",58,1194,754,3,0,0,0,0,0,0,1,0,1,0,0,0,0,0,0,0,0,0,0,0,0,0,0,0,0,1,0,0
"138","titles01/tt0110912","tt0110912","Pulp Fiction (1994)","pulp fiction","http://www.imdb.com/title/tt0110912/",9,"911042",9240,1994,"video.movie",62,"46",87,3824,1818,3,0,0,0,0,0,0,1,0,1,0,0,0,0,0,0,0,0,0,0,0,0,0,0,0,0,1,0,0
"139","titles01/tt0111161","tt0111161","Die Verurteilten (1994)","die verurteilten","http://www.imdb.com/title/tt0111161/",9.3,"1183395",8520,1994,"video.movie",15,"15",66,1913,3046,2,0,0,0,0,0,0,1,0,1,0,0,0,0,0,0,0,0,0,0,0,0,0,0,0,0,0,0,0
"140","titles01/tt0111495","tt0111495","Drei Farben - Rot (1994)","drei farben rot","http://www.imdb.com/title/tt0111495/",8.1,"47730",5940,1994,"video.movie",18,"15",31,29,116,3,0,0,0,0,0,0,0,0,1,0,0,0,0,0,0,0,0,1,0,0,1,0,0,0,0,0,0,0
"141","titles01/tt0112471","tt0112471","Before Sunrise - Zwischenstopp in Wien (1995)","before sunrise zwischenstopp in wien","http://www.imdb.com/title/tt0112471/",8.1,"119333",6300,1995,"video.movie",1,"2",18,763,351,2,0,0,0,0,0,0,0,0,1,0,0,0,0,0,0,0,0,0,0,0,1,0,0,0,0,0,0,0
"142","titles01/tt0112573","tt0112573","Braveheart (1995)","braveheart","http://www.imdb.com/title/tt0112573/",8.4,"523797",10620,1995,"video.movie",19,"20",89,975,1008,3,1,0,0,0,1,0,0,0,1,0,0,0,0,0,0,0,0,0,0,0,0,0,0,0,0,0,0,0
"143","titles01/tt0112641","tt0112641","Casino (1995)","casino","http://www.imdb.com/title/tt0112641/",8.2,"236730",10680,1995,"video.movie",3,"7",69,550,498,3,0,0,0,0,1,0,1,0,1,0,0,0,0,0,0,0,0,0,0,0,0,0,0,0,0,0,0,0
"144","titles01/tt0113247","tt0113247","Hass (1995)","hass","http://www.imdb.com/title/tt0113247/",8.1,"72274",5880,1995,"video.movie",8,"12",32,70,154,1,0,0,0,0,0,0,0,0,1,0,0,0,0,0,0,0,0,0,0,0,0,0,0,0,0,0,0,0
"145","titles01/tt0113277","tt0113277","Heat (1995)","heat","http://www.imdb.com/title/tt0113277/",8.3,"324264",10200,1995,"video.movie",0,"0",64,1030,841,3,1,0,0,0,0,0,1,0,1,0,0,0,0,0,0,0,0,0,0,0,0,0,0,0,0,0,0,0
"146","titles01/tt0114369","tt0114369","Sieben (1995)","sieben","http://www.imdb.com/title/tt0114369/",8.7,"691425",7620,1995,"video.movie",25,"18",58,1953,977,3,0,0,0,0,0,0,1,0,0,0,0,0,0,0,0,0,0,1,0,0,0,0,0,0,0,1,0,0
"147","titles01/tt0114709","tt0114709","Toy Story (1995)","toy story","http://www.imdb.com/title/tt0114709/",8.3,"410650",4860,1995,"video.movie",19,"13",121,5068,311,3,0,0,1,1,0,1,0,0,0,0,0,0,0,0,0,0,0,0,0,0,0,0,0,0,0,0,0,0
"148","titles01/tt0114746","tt0114746","12 Monkeys (1995)","monkeys","http://www.imdb.com/title/tt0114746/",8.1,"342200",7740,1995,"video.movie",10,"8",47,335,498,3,0,0,0,0,0,0,0,0,0,0,0,0,0,0,0,0,0,1,0,0,0,1,0,0,0,1,0,0
"149","titles01/tt0114787","tt0114787","Underground (1995)","underground","http://www.imdb.com/title/tt0114787/",8.2,"30610",10200,1995,"video.movie",6,"6",10,38,118,3,0,0,0,0,0,1,0,0,1,0,0,0,0,0,0,0,0,0,0,0,0,0,0,0,0,0,1,0
"150","titles01/tt0114814","tt0114814","Die blichen Verdchtigen (1995)","die blichen verd chtigen","http://www.imdb.com/title/tt0114814/",8.7,"523742",6360,1995,"video.movie",29,"7",53,1212,1110,3,0,0,0,0,0,0,1,0,0,0,0,0,0,0,0,0,0,1,0,0,0,0,0,0,0,1,0,0
"151","titles01/tt0116282","tt0116282","Fargo - Blutiger Schnee (1996)","fargo blutiger schnee","http://www.imdb.com/title/tt0116282/",8.2,"310335",5880,1996,"video.movie",60,"32",30,815,752,3,0,0,0,0,0,0,1,0,1,0,0,0,0,0,0,0,0,0,0,0,0,0,0,0,0,1,0,0
"152","titles01/tt0117951","tt0117951","Trainspotting - Neue Helden (1996)","trainspotting neue helden","http://www.imdb.com/title/tt0117951/",8.2,"343921",5640,1996,"video.movie",19,"15",71,1343,482,2,0,0,0,0,0,0,1,0,1,0,0,0,0,0,0,0,0,0,0,0,0,0,0,0,0,0,0,0
"153","titles01/tt0118694","tt0118694","In the Mood for Love - Der Klang der Liebe (2000)","in the mood for love der klang der liebe","http://www.imdb.com/title/tt0118694/",8.1,"55016",5880,2000,"video.movie",35,"27",28,154,293,2,0,0,0,0,0,0,0,0,1,0,0,0,0,0,0,0,0,0,0,0,1,0,0,0,0,0,0,0
"154","titles01/tt0118715","tt0118715","The Big Lebowski (1998)","the big lebowski","http://www.imdb.com/title/tt0118715/",8.2,"380503",7020,1998,"video.movie",1,"9",73,1394,972,2,0,0,0,0,0,1,1,0,0,0,0,0,0,0,0,0,0,0,0,0,0,0,0,0,0,0,0,0
"155","titles01/tt0118799","tt0118799","Das Leben ist schn (1997)","das leben ist sch n","http://www.imdb.com/title/tt0118799/",8.6,"266261",6960,1997,"video.movie",56,"31",56,98,972,3,0,0,0,0,0,1,0,0,1,0,0,0,0,0,0,0,0,0,0,0,1,0,0,0,0,0,0,0
"156","titles01/tt0119217","tt0119217","Good Will Hunting - Der gute Will Hunting (1997)","good will hunting der gute will hunting","http://www.imdb.com/title/tt0119217/",8.2,"414269",7560,1997,"video.movie",18,"37",73,1462,611,1,0,0,0,0,0,0,0,0,1,0,0,0,0,0,0,0,0,0,0,0,0,0,0,0,0,0,0,0
"157","titles01/tt0119488","tt0119488","L.A. Confidential (1997)","l a confidential","http://www.imdb.com/title/tt0119488/",8.3,"319796",8280,1997,"video.movie",78,"48",59,82,591,3,0,0,0,0,0,0,1,0,1,0,0,0,0,0,0,0,0,1,0,0,0,0,0,0,0,0,0,0
"158","titles01/tt0119698","tt0119698","Prinzessin Mononoke (1997)","prinzessin mononoke","http://www.imdb.com/title/tt0119698/",8.5,"150101",8040,1997,"video.movie",11,"5",49,297,516,3,0,0,1,1,0,0,0,0,0,0,1,0,0,0,0,0,0,0,0,0,0,0,0,0,0,0,0,0
"159","titles01/tt0120382","tt0120382","Die Truman Show (1998)","die truman show","http://www.imdb.com/title/tt0120382/",8,"455656",6180,1998,"video.movie",32,"37",113,702,789,3,0,0,0,0,0,1,0,0,1,0,0,0,0,0,0,0,0,0,0,0,0,1,0,0,0,0,0,0
"160","titles01/tt0120586","tt0120586","American History X (1998)","american history x","http://www.imdb.com/title/tt0120586/",8.6,"550302",7140,1998,"video.movie",3,"9",42,472,1344,2,0,0,0,0,0,0,1,0,1,0,0,0,0,0,0,0,0,0,0,0,0,0,0,0,0,0,0,0
"161","titles01/tt0120689","tt0120689","The Green Mile (1999)","the green mile","http://www.imdb.com/title/tt0120689/",8.5,"499240",11340,1999,"video.movie",15,"23",45,808,1290,3,0,0,0,0,0,0,1,0,1,0,1,0,0,0,0,0,0,0,0,0,0,0,0,0,0,0,0,0
"162","titles01/tt0120735","tt0120735","Bube Dame Knig grAS (1998)","bube dame k nig gras","http://www.imdb.com/title/tt0120735/",8.2,"304448",6420,1998,"video.movie",13,"7",92,96,509,2,0,0,0,0,0,1,1,0,0,0,0,0,0,0,0,0,0,0,0,0,0,0,0,0,0,0,0,0
"163","titles01/tt0120737","tt0120737","Der Herr der Ringe - Die Gefhrten (2001)","der herr der ringe die gef hrten","http://www.imdb.com/title/tt0120737/",8.9,"871819",10680,2001,"video.movie",82,"90",220,801,4928,3,1,0,1,0,0,0,0,0,0,0,1,0,0,0,0,0,0,0,0,0,0,0,0,0,0,0,0,0
"164","titles01/tt0120815","tt0120815","Der Soldat James Ryan (1998)","der soldat james ryan","http://www.imdb.com/title/tt0120815/",8.6,"600405",10140,1998,"video.movie",58,"56",129,1841,2191,3,1,0,0,0,0,0,0,0,1,0,0,0,0,0,0,0,0,0,0,0,0,0,0,0,0,0,1,0
"165","titles01/tt0133093","tt0133093","Matrix (1999)","matrix","http://www.imdb.com/title/tt0133093/",8.7,"841150",8160,1999,"video.movie",29,"36",123,1931,3470,2,1,0,0,0,0,0,0,0,0,0,0,0,0,0,0,0,0,0,0,0,0,1,0,0,0,0,0,0
"166","titles01/tt0137523","tt0137523","Fight Club (1999)","fight club","http://www.imdb.com/title/tt0137523/",8.9,"900388",8340,1999,"video.movie",5,"13",215,2613,2676,1,0,0,0,0,0,0,0,0,1,0,0,0,0,0,0,0,0,0,0,0,0,0,0,0,0,0,0,0
"167","titles01/tt0154420","tt0154420","Das Fest (1998)","das fest","http://www.imdb.com/title/tt0154420/",8.2,"52322",6300,1998,"video.movie",28,"16",23,151,249,1,0,0,0,0,0,0,0,0,1,0,0,0,0,0,0,0,0,0,0,0,0,0,0,0,0,0,0,0
"168","titles01/tt0167260","tt0167260","Der Herr der Ringe - Die Rckkehr des Knigs (2003)","der herr der ringe die r ckkehr des k nigs","http://www.imdb.com/title/tt0167260/",8.9,"845383",12060,2003,"video.movie",122,"74",230,1294,3049,3,1,0,1,0,0,0,0,0,0,0,1,0,0,0,0,0,0,0,0,0,0,0,0,0,0,0,0,0
"169","titles01/tt0167261","tt0167261","Der Herr der Ringe - Die zwei Trme (2002)","der herr der ringe die zwei t rme","http://www.imdb.com/title/tt0167261/",8.8,"760587",10740,2002,"video.movie",76,"83",164,527,2381,3,1,0,1,0,0,0,0,0,0,0,1,0,0,0,0,0,0,0,0,0,0,0,0,0,0,0,0,0
"170","titles01/tt0167404","tt0167404","Sixth Sense (1999)","sixth sense","http://www.imdb.com/title/tt0167404/",8.2,"516468",6420,1999,"video.movie",32,"37",50,1500,2019,3,0,0,0,0,0,0,0,0,1,0,0,0,0,0,0,0,0,1,0,0,0,0,0,0,0,1,0,0
"171","titles01/tt0169102","tt0169102","Lagaan: Once Upon a Time in India (2001)","lagaan once upon a time in india","http://www.imdb.com/title/tt0169102/",8.3,"33481",13440,2001,"video.movie",44,"19",19,9,228,3,0,0,1,0,0,0,0,0,1,0,0,0,0,0,0,0,1,0,0,0,0,0,0,0,0,0,0,0
"172","titles01/tt0169547","tt0169547","American Beauty (1999)","american beauty","http://www.imdb.com/title/tt0169547/",8.5,"602828",7320,1999,"video.movie",91,"74",88,2285,2648,1,0,0,0,0,0,0,0,0,1,0,0,0,0,0,0,0,0,0,0,0,0,0,0,0,0,0,0,0
"173","titles01/tt0172495","tt0172495","Gladiator (2000)","gladiator","http://www.imdb.com/title/tt0172495/",8.5,"661296",9300,2000,"video.movie",51,"80",197,2447,2277,3,1,0,1,0,0,0,0,0,1,0,0,0,0,0,0,0,0,0,0,0,0,0,0,0,0,0,0,0
"174","titles01/tt0180093","tt0180093","Requiem for a Dream (2000)","requiem for a dream","http://www.imdb.com/title/tt0180093/",8.4,"413539",6120,2000,"video.movie",27,"36",134,918,1842,1,0,0,0,0,0,0,0,0,1,0,0,0,0,0,0,0,0,0,0,0,0,0,0,0,0,0,0,0
"175","titles01/tt0198781","tt0198781","Die Monster AG (2001)","die monster ag","http://www.imdb.com/title/tt0198781/",8.1,"374409",5520,2001,"video.movie",14,"31",154,104,546,3,0,0,1,1,0,1,0,0,0,0,0,0,0,0,0,0,0,0,0,0,0,0,0,0,0,0,0,0
"176","titles01/tt0208092","tt0208092","Snatch - Schweine und Diamanten (2000)","snatch schweine und diamanten","http://www.imdb.com/title/tt0208092/",8.4,"432193",6240,2000,"video.movie",4,"5",132,902,696,2,0,0,0,0,0,1,1,0,0,0,0,0,0,0,0,0,0,0,0,0,0,0,0,0,0,0,0,0
"177","titles01/tt0209144","tt0209144","Memento (2000)","memento","http://www.imdb.com/title/tt0209144/",8.6,"605480",6780,2000,"video.movie",47,"34",72,1748,1976,2,0,0,0,0,0,0,0,0,0,0,0,0,0,0,0,0,0,1,0,0,0,0,0,0,0,1,0,0
"178","titles01/tt0211915","tt0211915","Die fabelhafte Welt der Amelie (2001)","die fabelhafte welt der amelie","http://www.imdb.com/title/tt0211915/",8.5,"380600",7320,2001,"video.movie",54,"50",57,359,1255,2,0,0,0,0,0,1,0,0,0,0,0,0,0,0,0,0,0,0,0,0,1,0,0,0,0,0,0,0
"179","titles01/tt0245429","tt0245429","Chihiros Reise ins Zauberland (2001)","chihiros reise ins zauberland","http://www.imdb.com/title/tt0245429/",8.6,"273502",7500,2001,"video.movie",35,"19",33,621,788,3,0,0,1,1,0,0,0,0,0,1,0,0,0,0,0,0,0,0,0,0,0,0,0,0,0,0,0,0
"180","titles01/tt0245712","tt0245712","Amores perros (2000)","amores perros","http://www.imdb.com/title/tt0245712/",8.2,"130465",9240,2000,"video.movie",56,"15",24,308,346,2,0,0,0,0,0,0,0,0,1,0,0,0,0,0,0,0,0,0,0,0,0,0,0,0,0,1,0,0
"181","titles01/tt0246578","tt0246578","Donnie Darko (2001)","donnie darko","http://www.imdb.com/title/tt0246578/",8.1,"430315",6780,2001,"video.movie",11,"12",58,1329,2031,3,0,0,0,0,0,0,0,0,1,0,0,0,0,0,0,0,0,1,0,0,0,1,0,0,0,0,0,0
"182","titles01/tt0253474","tt0253474","Der Pianist (2002)","der pianist","http://www.imdb.com/title/tt0253474/",8.5,"331248",9000,2002,"video.movie",49,"47",74,700,718,3,0,0,0,0,1,0,0,0,1,0,0,0,0,0,0,0,0,0,0,0,0,0,0,0,0,0,1,0
"183","titles01/tt0266543","tt0266543","Findet Nemo (2003)","findet nemo","http://www.imdb.com/title/tt0266543/",8.2,"451631",6000,2003,"video.movie",37,"37",92,2563,804,3,0,0,1,1,0,1,0,0,0,0,0,0,0,0,0,0,0,0,0,0,0,0,0,0,0,0,0,0
"184","titles01/tt0266697","tt0266697","Kill Bill: Vol. 1 (2003)","kill bill vol","http://www.imdb.com/title/tt0266697/",8.2,"509895",6660,2003,"video.movie",16,"43",97,3019,2044,2,1,0,0,0,0,0,1,0,0,0,0,0,0,0,0,0,0,0,0,0,0,0,0,0,0,0,0,0
"185","titles01/tt0268978","tt0268978","A Beautiful Mind - Genie und Wahnsinn (2001)","a beautiful mind genie und wahnsinn","http://www.imdb.com/title/tt0268978/",8.2,"389925",8100,2001,"video.movie",28,"51",85,1192,1123,2,0,0,0,0,1,0,0,0,1,0,0,0,0,0,0,0,0,0,0,0,0,0,0,0,0,0,0,0
"186","titles01/tt0317248","tt0317248","City of God (2002)","city of god","http://www.imdb.com/title/tt0317248/",8.7,"386540",7800,2002,"video.movie",57,"26",27,528,681,2,0,0,0,0,0,0,1,0,1,0,0,0,0,0,0,0,0,0,0,0,0,0,0,0,0,0,0,0
"187","titles01/tt0325980","tt0325980","Fluch der Karibik (2003)","fluch der karibik","http://www.imdb.com/title/tt0325980/",8.1,"572501",8580,2003,"video.movie",28,"71",125,429,2072,3,1,0,1,0,0,0,0,0,0,0,1,0,0,0,0,0,0,0,0,0,0,0,0,0,0,0,0,0
"188","titles01/tt0338013","tt0338013","Vergiss mein nicht (2004)","vergiss mein nicht","http://www.imdb.com/title/tt0338013/",8.4,"475849",6480,2004,"video.movie",46,"54",52,1324,1448,3,0,0,0,0,0,0,0,0,1,0,0,0,0,0,0,0,0,0,0,0,1,1,0,0,0,0,0,0
"189","titles01/tt0338564","tt0338564","Infernal Affairs - Die achte Hlle (2002)","infernal affairs die achte h lle","http://www.imdb.com/title/tt0338564/",8.2,"68704",6060,2002,"video.movie",23,"20",15,358,171,3,0,0,0,0,0,0,1,0,0,0,0,0,0,0,0,0,0,1,0,0,0,0,0,0,0,1,0,0
"190","titles01/tt0347149","tt0347149","Das wandelnde Schloss (2004)","das wandelnde schloss","http://www.imdb.com/title/tt0347149/",8.2,"136207",7140,2004,"video.movie",9,"14",35,153,298,3,0,0,1,1,0,0,0,0,0,1,0,0,0,0,0,0,0,0,0,0,0,0,0,0,0,0,0,0
"191","titles01/tt0353969","tt0353969","Salinui chueok (2003)","salinui chueok","http://www.imdb.com/title/tt0353969/",8.1,"39252",7800,2003,"video.movie",14,"2",5,181,107,3,0,0,0,0,0,0,1,0,1,0,0,0,0,0,0,0,0,1,0,0,0,0,0,0,0,0,0,0
"192","titles01/tt0361748","tt0361748","Inglourious Basterds (2009)","inglourious basterds","http://www.imdb.com/title/tt0361748/",8.3,"561706",9180,2009,"video.movie",76,"63",394,7896,1391,3,0,0,1,0,0,0,0,0,1,0,0,0,0,0,0,0,0,0,0,0,0,0,0,0,0,0,1,0
"193","titles01/tt0363163","tt0363163","Der Untergang (2004)","der untergang","http://www.imdb.com/title/tt0363163/",8.3,"184234",9360,2004,"video.movie",18,"17",16,432,532,3,0,0,0,0,1,0,0,0,1,0,0,0,0,1,0,0,0,0,0,0,0,0,0,0,0,0,0,0
"194","titles01/tt0364569","tt0364569","Oldboy (2003)","oldboy","http://www.imdb.com/title/tt0364569/",8.4,"245394",7200,2003,"video.movie",18,"11",19,121,742,3,0,0,0,0,0,0,0,0,1,0,0,0,0,0,0,0,0,1,0,0,0,0,0,0,0,1,0,0
"195","titles01/tt0372784","tt0372784","Batman Begins (2005)","batman begins","http://www.imdb.com/title/tt0372784/",8.3,"659591",8400,2005,"video.movie",9,"44",202,6136,2607,3,1,0,0,0,0,0,1,0,1,0,0,0,0,0,0,0,0,0,0,0,0,0,0,0,0,0,0,0
"196","titles01/tt0381681","tt0381681","Before Sunset (2004)","before sunset","http://www.imdb.com/title/tt0381681/",8.1,"113580",4800,2004,"video.movie",8,"12",34,719,467,2,0,0,0,0,0,0,0,0,1,0,0,0,0,0,0,0,0,0,0,0,1,0,0,0,0,0,0,0
"197","titles01/tt0395169","tt0395169","Hotel Ruanda (2004)","hotel ruanda","http://www.imdb.com/title/tt0395169/",8.2,"195628",7260,2004,"video.movie",14,"34",27,461,582,3,0,0,0,0,1,0,0,0,1,0,0,0,0,1,0,0,0,0,0,0,0,0,0,0,0,0,0,0
"198","titles01/tt0401383","tt0401383","Schmetterling und Taucherglocke (2007)","schmetterling und taucherglocke","http://www.imdb.com/title/tt0401383/",8.1,"75965",6720,2007,"video.movie",56,"41",33,337,167,2,0,0,0,0,1,0,0,0,1,0,0,0,0,0,0,0,0,0,0,0,0,0,0,0,0,0,0,0
"199","titles01/tt0401792","tt0401792","Sin City (2005)","sin city","http://www.imdb.com/title/tt0401792/",8.2,"491210",7440,2005,"video.movie",21,"29",212,5239,1677,2,0,0,0,0,0,0,1,0,0,0,0,0,0,0,0,0,0,0,0,0,0,0,0,0,0,1,0,0
"200","titles01/tt0405094","tt0405094","Das Leben der Anderen (2006)","das leben der anderen","http://www.imdb.com/title/tt0405094/",8.5,"185524",8220,2006,"video.movie",66,"25",25,402,371,2,0,0,0,0,0,0,0,0,1,0,0,0,0,0,0,0,0,0,0,0,0,0,0,0,0,1,0,0
"201","titles01/tt0405159","tt0405159","Million Dollar Baby (2004)","million dollar baby","http://www.imdb.com/title/tt0405159/",8.1,"334315",7920,2004,"video.movie",58,"34",48,1457,1068,2,0,0,0,0,0,0,0,0,1,0,0,0,0,0,0,0,0,0,0,0,0,0,0,1,0,0,0,0
"202","titles01/tt0405508","tt0405508","Rang De Basanti (2006)","rang de basanti","http://www.imdb.com/title/tt0405508/",8.6,"36778",9420,2006,"video.movie",16,"18",3,335,294,2,0,0,0,0,0,0,0,0,1,0,0,0,0,1,0,0,0,0,0,0,0,0,0,0,0,0,0,0
"203","titles01/tt0407887","tt0407887","Departed - Unter Feinden (2006)","departed unter feinden","http://www.imdb.com/title/tt0407887/",8.5,"598844",9060,2006,"video.movie",64,"63",83,3043,1954,3,0,0,0,0,0,0,1,0,1,0,0,0,0,0,0,0,0,0,0,0,0,0,0,0,0,1,0,0
"204","titles01/tt0434409","tt0434409","V wie Vendetta (2005)","v wie vendetta","http://www.imdb.com/title/tt0434409/",8.2,"557042",7920,2005,"video.movie",4,"17",70,1459,1980,3,1,0,0,0,0,0,0,0,0,0,0,0,0,0,0,0,0,0,0,0,0,1,0,0,0,1,0,0
"205","titles01/tt0435761","tt0435761","Toy Story 3 (2010)","toy story","http://www.imdb.com/title/tt0435761/",8.5,"356405",6180,2010,"video.movie",36,"44",97,5842,657,3,0,0,1,1,0,1,0,0,0,0,0,0,0,0,0,0,0,0,0,0,0,0,0,0,0,0,0,0
"206","titles01/tt0440963","tt0440963","Das Bourne Ultimatum (2007)","das bourne ultimatum","http://www.imdb.com/title/tt0440963/",8.1,"350787",6900,2007,"video.movie",17,"27",82,1639,790,3,1,0,0,0,0,0,1,0,0,0,0,0,0,0,0,0,0,0,0,0,0,0,0,0,0,1,0,0
"207","titles01/tt0457430","tt0457430","Pans Labyrinth (2006)","pans labyrinth","http://www.imdb.com/title/tt0457430/",8.3,"339845",7080,2006,"video.movie",76,"63",50,81,1025,3,0,0,0,0,0,0,0,0,1,0,1,0,0,0,0,0,0,0,0,0,0,0,0,0,0,0,1,0
"208","titles01/tt0468569","tt0468569","The Dark Knight (2008)","the dark knight","http://www.imdb.com/title/tt0468569/",9,"1148515",9120,2008,"video.movie",94,"69",107,17229,3930,3,1,0,0,0,0,0,1,0,1,0,0,0,0,0,0,0,0,0,0,0,0,0,0,0,0,0,0,0
"209","titles01/tt0469494","tt0469494","There Will Be Blood (2007)","there will be blood","http://www.imdb.com/title/tt0469494/",8.1,"272992",9480,2007,"video.movie",74,"58",65,2075,1053,1,0,0,0,0,0,0,0,0,1,0,0,0,0,0,0,0,0,0,0,0,0,0,0,0,0,0,0,0
"210","titles01/tt0477348","tt0477348","No Country for Old Men (2007)","no country for old men","http://www.imdb.com/title/tt0477348/",8.2,"434032",7320,2007,"video.movie",110,"51",61,3101,1416,3,0,0,0,0,0,0,1,0,1,0,0,0,0,0,0,0,0,0,0,0,0,0,0,0,0,1,0,0
"211","titles01/tt0482571","tt0482571","Prestige - Die Meister der Magie (2006)","prestige die meister der magie","http://www.imdb.com/title/tt0482571/",8.5,"555345",7800,2006,"video.movie",4,"17",57,796,1011,3,0,0,0,0,0,0,0,0,1,0,0,0,0,0,0,0,0,1,0,0,0,0,0,0,0,1,0,0
"212","titles01/tt0758758","tt0758758","Into the Wild (2007)","into the wild","http://www.imdb.com/title/tt0758758/",8.2,"292747",8880,2007,"video.movie",18,"43",67,880,683,3,0,0,1,0,1,0,0,0,1,0,0,0,0,0,0,0,0,0,0,0,0,0,0,0,0,0,0,0
"213","titles01/tt0796366","tt0796366","Star Trek (2009)","star trek","http://www.imdb.com/title/tt0796366/",8.1,"401744",7620,2009,"video.movie",19,"47",201,15161,1499,3,1,0,1,0,0,0,0,0,0,0,0,0,0,0,0,0,0,0,0,0,0,1,0,0,0,0,0,0
"214","titles01/tt0848228","tt0848228","Marvel's The Avengers (2012)","marvel s the avengers","http://www.imdb.com/title/tt0848228/",8.2,"638083",8580,2012,"video.movie",22,"55",324,21466,1550,2,1,0,0,0,0,0,0,0,0,0,1,0,0,0,0,0,0,0,0,0,0,0,0,0,0,0,0,0
"215","titles01/tt0892769","tt0892769","Drachenzhmen leicht gemacht (2010)","drachenz hmen leicht gemacht","http://www.imdb.com/title/tt0892769/",8.2,"285643",5880,2010,"video.movie",19,"32",51,3545,414,3,0,0,1,1,0,1,0,0,0,0,0,0,0,0,0,0,0,0,0,0,0,0,0,0,0,0,0,0
"216","titles01/tt0910970","tt0910970","WALLE - Der letzte rumt die Erde auf (2008)","wall e der letzte r umt die erde auf","http://www.imdb.com/title/tt0910970/",8.5,"476415",5880,2008,"video.movie",52,"49",71,751,966,3,0,0,1,1,0,0,0,0,0,1,0,0,0,0,0,0,0,0,0,0,0,0,0,0,0,0,0,0
"217","titles01/tt0947798","tt0947798","Black Swan (2010)","black swan","http://www.imdb.com/title/tt0947798/",8.1,"413273",6480,2010,"video.movie",57,"125",119,10527,1057,3,0,0,0,0,0,0,0,0,1,0,0,0,0,0,0,0,0,1,0,0,0,0,0,0,0,1,0,0
"218","titles01/tt0986264","tt0986264","Taare Zameen Par (2007)","taare zameen par","http://www.imdb.com/title/tt0986264/",8.6,"48238",9900,2007,"video.movie",13,"15",2,325,261,1,0,0,0,0,0,0,0,0,1,0,0,0,0,0,0,0,0,0,0,0,0,0,0,0,0,0,0,0
"219","titles01/tt0993846","tt0993846","The Wolf of Wall Street (2013)","the wolf of wall street","http://www.imdb.com/title/tt0993846/",8.4,"285401",10800,2013,"video.movie",17,"62",73,3597,779,3,0,0,0,0,1,1,1,0,0,0,0,0,0,0,0,0,0,0,0,0,0,0,0,0,0,0,0,0
"220","titles01/tt1010048","tt1010048","Slumdog Millionr (2008)","slumdog million r","http://www.imdb.com/title/tt1010048/",8.1,"470400",7200,2008,"video.movie",114,"62",27,6741,972,3,0,0,0,0,0,0,0,0,1,0,0,0,0,0,0,0,0,0,0,0,1,0,0,0,0,1,0,0
"221","titles01/tt1028532","tt1028532","Hachiko - Eine wunderbare Freundschaft (2009)","hachiko eine wunderbare freundschaft","http://www.imdb.com/title/tt1028532/",8.2,"76285",5580,2009,"video.movie",0,"0",9,30,239,2,0,0,0,0,0,0,0,0,1,1,0,0,0,0,0,0,0,0,0,0,0,0,0,0,0,0,0,0
"222","titles01/tt1049413","tt1049413","Oben (2009)","oben","http://www.imdb.com/title/tt1049413/",8.3,"425870",5760,2009,"video.movie",53,"37",68,2379,644,3,0,0,1,1,0,0,0,0,1,0,0,0,0,0,0,0,0,0,0,0,0,0,0,0,0,0,0,0
"223","titles01/tt1130884","tt1130884","Shutter Island (2010)","shutter island","http://www.imdb.com/title/tt1130884/",8.1,"495936",8280,2010,"video.movie",4,"27",56,3907,884,3,0,0,0,0,0,0,0,0,1,0,0,0,0,0,0,0,0,1,0,0,0,0,0,0,0,1,0,0
"224","titles01/tt1170358","tt1170358","Der Hobbit - Smaugs Einde (2013)","der hobbit smaugs ein de","http://www.imdb.com/title/tt1170358/",8.1,"239935",9660,2013,"video.movie",3,"40",89,3179,777,2,0,0,1,0,0,0,0,0,0,0,1,0,0,0,0,0,0,0,0,0,0,0,0,0,0,0,0,0
"225","titles01/tt1187043","tt1187043","3 Idiots (2009)","idiots","http://www.imdb.com/title/tt1187043/",8.5,"103975",10200,2009,"video.movie",20,"13",20,10,267,3,0,0,0,0,0,1,0,0,1,0,0,0,0,0,0,0,0,0,0,0,1,0,0,0,0,0,0,0
"226","titles01/tt1201607","tt1201607","Harry Potter und die Heiligtmer des Todes - Teil 2 (2011)","harry potter und die heiligt mer des todes teil","http://www.imdb.com/title/tt1201607/",8.1,"346862",7800,2011,"video.movie",33,"49",217,2708,754,3,0,0,1,0,0,0,0,0,0,0,1,0,0,0,0,0,0,1,0,0,0,0,0,0,0,0,0,0
"227","titles01/tt1205489","tt1205489","Gran Torino (2008)","gran torino","http://www.imdb.com/title/tt1205489/",8.2,"405722",6960,2008,"video.movie",20,"8",62,1349,815,1,0,0,0,0,0,0,0,0,1,0,0,0,0,0,0,0,0,0,0,0,0,0,0,0,0,0,0,0
"228","titles01/tt1220719","tt1220719","Ip Man (2008)","ip man","http://www.imdb.com/title/tt1220719/",8.1,"101486",6360,2008,"video.movie",12,"10",13,406,129,3,1,0,0,0,1,0,0,0,1,0,0,0,0,0,0,0,0,0,0,0,0,0,0,0,0,0,0,0
"229","titles01/tt1255953","tt1255953","Die Frau die singt - Incendies (2010)","die frau die singt incendies","http://www.imdb.com/title/tt1255953/",8.2,"45292",8340,2010,"video.movie",36,"10",16,558,118,3,0,0,0,0,0,0,0,0,1,0,0,0,0,0,0,0,0,1,0,0,0,0,0,0,0,0,1,0
"230","titles01/tt1291584","tt1291584","Warrior (2011)","warrior","http://www.imdb.com/title/tt1291584/",8.3,"220357",8400,2011,"video.movie",2,"10",44,1903,432,2,0,0,0,0,0,0,0,0,1,0,0,0,0,0,0,0,0,0,0,0,0,0,0,1,0,0,0,0
"231","titles01/tt1305806","tt1305806","In ihren Augen (2009)","in ihren augen","http://www.imdb.com/title/tt1305806/",8.3,"82183",7740,2009,"video.movie",48,"34",11,514,197,3,0,0,0,0,0,0,0,0,1,0,0,0,0,0,0,0,0,1,0,0,0,0,0,0,0,1,0,0
"232","titles01/tt1345836","tt1345836","The Dark Knight Rises (2012)","the dark knight rises","http://www.imdb.com/title/tt1345836/",8.6,"758626",9900,2012,"video.movie",28,"64",131,22240,2576,3,1,0,0,0,0,0,1,0,0,0,0,0,0,0,0,0,0,0,0,0,0,0,0,0,0,1,0,0
"233","titles01/tt1375666","tt1375666","Inception (2010)","inception","http://www.imdb.com/title/tt1375666/",8.8,"942259",8880,2010,"video.movie",83,"110",135,10101,2450,3,1,0,1,0,0,0,0,0,0,0,0,0,0,0,0,0,0,1,0,0,0,0,0,0,0,0,0,0
"234","titles01/tt1392214","tt1392214","Prisoners (2013)","prisoners","http://www.imdb.com/title/tt1392214/",8.1,"184698",9180,2013,"video.movie",6,"15",57,1558,445,3,0,0,0,0,0,0,1,0,1,0,0,0,0,0,0,0,0,0,0,0,0,0,0,0,0,1,0,0
"235","titles01/tt1454029","tt1454029","The Help (2011)","the help","http://www.imdb.com/title/tt1454029/",8.1,"220355",8760,2011,"video.movie",46,"68",67,4565,391,1,0,0,0,0,0,0,0,0,1,0,0,0,0,0,0,0,0,0,0,0,0,0,0,0,0,0,0,0
"236","titles01/tt1454468","tt1454468","Gravity (2013)","gravity","http://www.imdb.com/title/tt1454468/",8.1,"341562",5460,2013,"video.movie",104,"75",79,4911,1556,3,0,0,0,0,0,0,0,0,1,0,0,0,0,0,0,0,0,0,0,0,0,1,0,0,0,1,0,0
"237","titles01/tt1490017","tt1490017","Lego (2014)","lego","http://www.imdb.com/title/tt1490017/",8.3,"52708",6000,2014,"video.movie",1,"0",42,1651,225,3,0,0,1,1,0,1,0,0,0,0,0,0,0,0,0,0,0,0,0,0,0,0,0,0,0,0,0,0
"238","titles01/tt1504320","tt1504320","The King's Speech (2010)","the king s speech","http://www.imdb.com/title/tt1504320/",8.1,"325645",7080,2010,"video.movie",86,"104",27,5060,592,3,0,0,0,0,1,0,0,0,1,0,0,0,0,1,0,0,0,0,0,0,0,0,0,0,0,0,0,0
"239","titles01/tt1555149","tt1555149","Tropa de Elite 2 - O Inimigo Agora  Outro (2010)","tropa de elite o inimigo agora outro","http://www.imdb.com/title/tt1555149/",8.1,"46844",6900,2010,"video.movie",23,"11",7,111,59,3,1,0,0,0,0,0,1,0,1,0,0,0,0,0,0,0,0,0,0,0,0,0,0,0,0,0,0,0
"240","titles01/tt1675434","tt1675434","Ziemlich beste Freunde (2011)","ziemlich beste freunde","http://www.imdb.com/title/tt1675434/",8.6,"286016",6720,2011,"video.movie",25,"31",18,457,245,3,0,0,0,0,1,1,0,0,1,0,0,0,0,0,0,0,0,0,0,0,0,0,0,0,0,0,0,0
"241","titles01/tt1798709","tt1798709","Her (2013)","her","http://www.imdb.com/title/tt1798709/",8.3,"98365",7560,2013,"video.movie",42,"58",63,2297,389,3,0,0,0,0,0,0,0,0,1,0,0,0,0,0,0,0,0,0,0,0,1,1,0,0,0,0,0,0
"242","titles01/tt1832382","tt1832382","Nader und Simin - eine Trennung (2011)","nader und simin eine trennung","http://www.imdb.com/title/tt1832382/",8.5,"105123",7380,2011,"video.movie",60,"23",16,39,230,1,0,0,0,0,0,0,0,0,1,0,0,0,0,0,0,0,0,0,0,0,0,0,0,0,0,0,0,0
"243","titles01/tt1853728","tt1853728","Django Unchained (2012)","django unchained","http://www.imdb.com/title/tt1853728/",8.5,"568296",9900,2012,"video.movie",36,"58",108,7971,1012,3,0,0,1,0,0,0,0,0,1,0,0,0,0,0,0,0,0,0,0,0,0,0,0,0,0,0,0,1
"244","titles01/tt1979320","tt1979320","Rush - Alles fr den Sieg (2013)","rush alles f r den sieg","http://www.imdb.com/title/tt1979320/",8.3,"142959",7380,2013,"video.movie",4,"33",51,1573,352,3,1,0,0,0,1,0,0,0,1,0,0,0,0,0,0,0,0,0,0,0,0,0,0,0,0,0,0,0
"245","titles01/tt2024544","tt2024544","12 Years a Slave (2013)","years a slave","http://www.imdb.com/title/tt2024544/",8.3,"161237",8040,2013,"video.movie",131,"137",88,351,455,3,0,0,0,0,1,0,0,0,1,0,0,0,0,1,0,0,0,0,0,0,0,0,0,0,0,0,0,0
"246","titles01/tt2106476","tt2106476","Die Jagd (2012)","die jagd","http://www.imdb.com/title/tt2106476/",8.3,"80966",6900,2012,"video.movie",29,"37",27,220,163,1,0,0,0,0,0,0,0,0,1,0,0,0,0,0,0,0,0,0,0,0,0,0,0,0,0,0,0,0
"247","titles02/index.html.1","tt0050598","Ein Knig in New York (1957)","ein k nig in new york","http://www.imdb.com/title/tt0050598/",7.3,"4268",6600,1957,"video.movie",0,"0",17,8,45,2,0,0,0,0,0,1,0,0,1,0,0,0,0,0,0,0,0,0,0,0,0,0,0,0,0,0,0,0
"248","titles02/index.html.10","tt0023948","Dinner um acht (1933)","dinner um acht","http://www.imdb.com/title/tt0023948/",7.9,"5139",6660,1933,"video.movie",0,"0",11,15,83,2,0,0,0,0,0,1,0,0,1,0,0,0,0,0,0,0,0,0,0,0,0,0,0,0,0,0,0,0
"249","titles02/index.html.100","tt0037077","The Miracle of Morgan's Creek (1944)","the miracle of morgan s creek","http://www.imdb.com/title/tt0037077/",8,"4798",5880,1944,"video.movie",3,"0",5,6,64,3,0,0,0,0,0,1,0,0,0,0,0,0,0,0,0,0,0,0,0,0,1,0,0,0,0,0,1,0
"250","titles02/index.html.1000","tt0035753","Der Rabe (1943)","der rabe","http://www.imdb.com/title/tt0035753/",7.6,"5372",5520,1943,"video.movie",0,"0",4,14,41,3,0,0,0,0,0,0,1,0,1,0,0,0,0,0,0,0,0,1,0,0,0,0,0,0,0,0,0,0
"251","titles02/index.html.1001","tt0119167","Funny Games (1997)","funny games","http://www.imdb.com/title/tt0119167/",7.6,"32584",6480,1997,"video.movie",4,"5",9,148,281,3,0,0,0,0,0,0,1,0,1,0,0,0,0,0,0,0,0,0,0,0,0,0,0,0,0,1,0,0
"252","titles02/index.html.1003","tt0053459","Das Schreckenshaus des Dr. Rasanoff (1960)","das schreckenshaus des dr rasanoff","http://www.imdb.com/title/tt0053459/",7.8,"12002",5280,1960,"video.movie",0,"0",3,121,113,1,0,0,0,0,0,0,0,0,0,0,0,0,0,0,1,0,0,0,0,0,0,0,0,0,0,0,0,0
"253","titles02/index.html.1006","tt0073540","Picknick am Valentinstag (1975)","picknick am valentinstag","http://www.imdb.com/title/tt0073540/",7.6,"20020",6900,1975,"video.movie",3,"11",15,137,189,2,0,0,0,0,0,0,0,0,1,0,0,0,0,0,0,0,0,1,0,0,0,0,0,0,0,0,0,0
"254","titles02/index.html.1007","tt0062229","Der eiskalte Engel (1967)","der eiskalte engel","http://www.imdb.com/title/tt0062229/",8.2,"22465",6300,1967,"video.movie",0,"0",9,20,79,3,0,0,0,0,0,0,1,0,1,0,0,0,0,0,0,0,0,1,0,0,0,0,0,0,0,0,0,0
"255","titles02/index.html.1009","tt0069995","Wenn die Gondeln Trauer tragen (1973)","wenn die gondeln trauer tragen","http://www.imdb.com/title/tt0069995/",7.4,"26050",6600,1973,"video.movie",0,"8",13,242,233,3,0,0,0,0,0,0,0,0,1,0,0,0,0,0,1,0,0,0,0,0,0,0,0,0,0,1,0,0
"256","titles02/index.html.101","tt0025919","Napoleon vom Broadway (1934)","napoleon vom broadway","http://www.imdb.com/title/tt0025919/",7.9,"3874",5460,1934,"video.movie",1,"0",11,131,50,2,0,0,0,0,0,1,0,0,0,0,0,0,0,0,0,0,0,0,0,0,1,0,0,0,0,0,0,0
"257","titles02/index.html.1010","tt0054167","Augen der Angst (1960)","augen der angst","http://www.imdb.com/title/tt0054167/",7.8,"17160",6060,1960,"video.movie",0,"0",12,134,126,3,0,0,0,0,0,0,0,0,1,0,0,0,0,0,1,0,0,0,0,0,0,0,0,0,0,1,0,0
"258","titles02/index.html.1011","tt0061811","In der Hitze der Nacht (1967)","in der hitze der nacht","http://www.imdb.com/title/tt0061811/",8,"39484",6540,1967,"video.movie",17,"12",36,183,146,3,0,0,0,0,0,0,1,0,1,0,0,0,0,0,0,0,0,1,0,0,0,0,0,0,0,0,0,0
"259","titles02/index.html.1013","tt3317282","Videoclub (2013)","videoclub","http://www.imdb.com/title/tt3317282/",4.9,"18",NA,2013,"video.movie",0,"0",0,0,0,3,1,0,0,0,0,0,0,0,0,0,0,0,0,0,1,0,0,0,0,0,1,0,0,0,0,0,0,0
"260","titles02/index.html.1018","tt0071877","Mord im Orient Express (1974)","mord im orient express","http://www.imdb.com/title/tt0071877/",7.3,"28857",7680,1974,"video.movie",8,"16",22,176,148,1,0,0,0,0,0,0,0,0,0,0,0,0,0,0,0,0,0,1,0,0,0,0,0,0,0,0,0,0
"261","titles02/index.html.102","tt0019421","Buster Keaton - Dampfer-Willis Sohn (1928)","buster keaton dampfer willis sohn","http://www.imdb.com/title/tt0019421/",8,"7236",4200,1928,"video.movie",0,"0",30,0,56,3,1,0,0,0,0,1,0,0,1,0,0,0,0,0,0,0,0,0,0,0,0,0,0,0,0,0,0,0
"262","titles02/index.html.1020","tt0090756","Blue Velvet (1986)","blue velvet","http://www.imdb.com/title/tt0090756/",7.8,"100580",7200,1986,"video.movie",22,"11",64,867,653,3,0,0,0,0,0,0,1,0,0,0,0,0,0,0,0,0,0,1,0,0,0,0,0,0,0,1,0,0
"263","titles02/index.html.1021","tt0077413","Tod auf dem Nil (1978)","tod auf dem nil","http://www.imdb.com/title/tt0077413/",7.2,"15392",8400,1978,"video.movie",4,"5",29,41,92,1,0,0,0,0,0,0,0,0,0,0,0,0,0,0,0,0,0,1,0,0,0,0,0,0,0,0,0,0
"264","titles02/index.html.1022","tt0083908","Das Bse unter der Sonne (1982)","das b se unter der sonne","http://www.imdb.com/title/tt0083908/",7,"6871",7020,1982,"video.movie",0,"0",11,13,62,3,0,0,0,0,0,0,1,0,1,0,0,0,0,0,0,0,0,1,0,0,0,0,0,0,0,0,0,0
"265","titles02/index.html.1023","tt0093223","Haus der Spiele (1987)","haus der spiele","http://www.imdb.com/title/tt0093223/",7.3,"14094",6120,1987,"video.movie",6,"2",8,29,103,3,0,0,0,0,0,0,1,0,0,0,0,0,0,0,0,0,0,1,0,0,0,0,0,0,0,1,0,0
"266","titles02/index.html.1024","tt1216487","Verdammnis (2009)","verdammnis","http://www.imdb.com/title/tt1216487/",7.1,"55813",7740,2009,"video.movie",0,"0",21,288,132,3,0,0,0,0,0,0,1,0,1,0,0,0,0,0,0,0,0,1,0,0,0,0,0,0,0,0,0,0
"267","titles02/index.html.1025","tt0112722","Copykill (1995)","copykill","http://www.imdb.com/title/tt0112722/",6.5,"36160",7380,1995,"video.movie",2,"1",24,29,122,3,0,0,0,0,0,0,1,0,1,0,0,0,0,0,0,0,0,1,0,0,0,0,0,0,0,0,0,0
"268","titles02/index.html.1026","tt0228786","Die purpurnen Flsse (2000)","die purpurnen fl sse","http://www.imdb.com/title/tt0228786/",6.9,"40832",6360,2000,"video.movie",1,"9",23,14,161,3,0,0,0,0,0,0,1,0,0,0,0,0,0,0,0,0,0,1,0,0,0,0,0,0,0,1,0,0
"269","titles02/index.html.1027","tt0021165","Mord - Sir John greift ein! (1930)","mord sir john greift ein","http://www.imdb.com/title/tt0021165/",6.4,"3464",6240,1930,"video.movie",0,"0",24,0,43,3,0,0,0,0,0,0,1,0,0,0,0,0,0,0,0,0,0,1,0,0,0,0,0,0,0,1,0,0
"270","titles02/index.html.103","tt0027996","Mr. Deeds geht in die Stadt (1936)","mr deeds geht in die stadt","http://www.imdb.com/title/tt0027996/",8,"12499",6900,1936,"video.movie",5,"5",11,20,104,2,0,0,0,0,0,1,0,0,1,0,0,0,0,0,0,0,0,0,0,0,0,0,0,0,0,0,0,0
"271","titles02/index.html.104","tt0035169","The Palm Beach Story (1942)","the palm beach story","http://www.imdb.com/title/tt0035169/",7.9,"6804",5280,1942,"video.movie",0,"0",7,15,85,2,0,0,0,0,0,1,0,0,0,0,0,0,0,0,0,0,0,0,0,0,1,0,0,0,0,0,0,0
"272","titles02/index.html.1041","tt0091787","Precious Images (1986)","precious images","http://www.imdb.com/title/tt0091787/",7.4,"442",480,1986,"video.movie",2,"1",0,0,9,2,0,0,0,0,0,0,0,1,0,0,0,0,0,0,0,0,0,0,0,0,0,0,1,0,0,0,0,0
"273","titles02/index.html.1046","tt0028096","Der versteinerte Wald (1936)","der versteinerte wald","http://www.imdb.com/title/tt0028096/",7.7,"7818",4920,1936,"video.movie",0,"0",18,30,86,3,0,0,0,0,0,0,1,0,1,0,0,1,0,0,0,0,0,0,0,0,0,0,0,0,0,0,0,0
"274","titles02/index.html.1047","tt0171804","Boys Don't Cry (1999)","boys don t cry","http://www.imdb.com/title/tt0171804/",7.6,"63699",7080,1999,"video.movie",47,"27",19,509,423,2,0,0,0,0,1,0,0,0,1,0,0,0,0,0,0,0,0,0,0,0,0,0,0,0,0,0,0,0
"275","titles02/index.html.1048","tt0086066","Die Outsider (1983)","die outsider","http://www.imdb.com/title/tt0086066/",7.2,"45251",5460,1983,"video.movie",1,"3",33,413,290,2,0,0,0,0,0,0,1,0,1,0,0,0,0,0,0,0,0,0,0,0,0,0,0,0,0,0,0,0
"276","titles02/index.html.1049","tt0067549","The Panic in Needle Park (1971)","the panic in needle park","http://www.imdb.com/title/tt0067549/",7.1,"8763",6600,1971,"video.movie",1,"1",2,24,57,3,0,0,0,0,0,0,1,0,1,0,0,0,0,0,0,0,0,0,0,0,1,0,0,0,0,0,0,0
"277","titles02/index.html.105","tt0019379","Es tut sich was in Hollywood (1928)","es tut sich was in hollywood","http://www.imdb.com/title/tt0019379/",8.3,"2400",4980,1928,"video.movie",1,"0",3,12,28,2,0,0,0,0,0,1,0,0,0,0,0,0,0,0,0,0,0,0,0,0,1,0,0,0,0,0,0,0
"278","titles02/index.html.1050","tt0456396","Das Kind (2005)","das kind","http://www.imdb.com/title/tt0456396/",7.4,"11521",6000,2005,"video.movie",12,"12",17,32,78,3,0,0,0,0,0,0,1,0,1,0,0,0,0,0,0,0,0,0,0,0,1,0,0,0,0,0,0,0
"279","titles02/index.html.1051","tt0117509","William Shakespeares Romeo & Julia (1996)","william shakespeares romeo julia","http://www.imdb.com/title/tt0117509/",6.9,"129664",7200,1996,"video.movie",13,"20",81,14,482,2,0,0,0,0,0,0,0,0,1,0,0,0,0,0,0,0,0,0,0,0,1,0,0,0,0,0,0,0
"280","titles02/index.html.1052","tt0029453","Pp le Moko - Im Dunkel von Algier (1937)","p p le moko im dunkel von algier","http://www.imdb.com/title/tt0029453/",7.7,"3792",5640,1937,"video.movie",2,"0",4,10,37,3,0,0,0,0,0,0,1,0,1,0,0,0,0,0,0,0,0,0,0,0,1,0,0,0,0,0,0,0
"281","titles02/index.html.1053","tt0114660","Das Leben nach dem Tod in Denver (1995)","das leben nach dem tod in denver","http://www.imdb.com/title/tt0114660/",6.8,"19544",6900,1995,"video.movie",2,"0",23,15,136,2,0,0,0,0,0,0,1,0,1,0,0,0,0,0,0,0,0,0,0,0,0,0,0,0,0,0,0,0
"282","titles02/index.html.1054","tt0069762","Badlands (1973)","badlands","http://www.imdb.com/title/tt0069762/",7.9,"35743",5640,1973,"video.movie",3,"0",31,406,171,2,0,0,0,0,0,0,1,0,1,0,0,0,0,0,0,0,0,0,0,0,0,0,0,0,0,0,0,0
"283","titles02/index.html.1055","tt0043386","Goldhelm (1952)","goldhelm","http://www.imdb.com/title/tt0043386/",7.8,"2648",5100,1952,"video.movie",1,"1",14,2,25,3,0,0,0,0,0,0,1,0,1,0,0,0,0,0,0,0,0,0,0,0,1,0,0,0,0,0,0,0
"284","titles02/index.html.106","tt0010879","When the Clouds Roll by (1919)","when the clouds roll by","http://www.imdb.com/title/tt0010879/",7,"530",5100,1919,"video.movie",0,"0",0,0,6,3,1,0,0,0,0,1,0,0,0,0,0,0,0,0,0,0,0,0,0,0,1,0,0,0,0,0,0,0
"285","titles02/index.html.1069","tt0433547","Destroy All Humans! (Video Game 2005)","destroy all humans video game","http://www.imdb.com/title/tt0433547/",7.9,"321",NA,2005,"game",0,"0",0,2,5,3,1,0,1,0,0,1,0,0,0,0,0,0,0,0,0,0,0,0,0,0,0,0,0,0,0,0,0,0
"286","titles02/index.html.107","tt0028597","Die schreckliche Wahrheit (1937)","die schreckliche wahrheit","http://www.imdb.com/title/tt0028597/",8,"11147",5460,1937,"video.movie",1,"5",16,77,94,2,0,0,0,0,0,1,0,0,0,0,0,0,0,0,0,0,0,0,0,0,1,0,0,0,0,0,0,0
"287","titles02/index.html.1075","tt0048728","ber den Dchern von Nizza (1955)","ber den d chern von nizza","http://www.imdb.com/title/tt0048728/",7.5,"35545",6360,1955,"video.movie",0,"5",47,207,159,3,0,0,0,0,0,0,1,0,0,0,0,0,0,0,0,0,0,1,0,0,1,0,0,0,0,0,0,0
"288","titles02/index.html.1079","tt0037008","Laura (1944)","laura","http://www.imdb.com/title/tt0037008/",8.2,"23895",5280,1944,"video.movie",1,"4",23,77,178,3,0,0,0,0,0,0,0,0,1,0,0,1,0,0,0,0,0,1,0,0,0,0,0,0,0,0,0,0
"289","titles02/index.html.108","tt0028010","Mein Mann Godfrey (1936)","mein mann godfrey","http://www.imdb.com/title/tt0028010/",8.2,"13141",5640,1936,"video.movie",1,"0",15,67,270,2,0,0,0,0,0,1,0,0,0,0,0,0,0,0,0,0,0,0,0,0,1,0,0,0,0,0,0,0
"290","titles02/index.html.1080","tt0058329","Marnie (1964)","marnie","http://www.imdb.com/title/tt0058329/",7.2,"26944",7800,1964,"video.movie",0,"0",66,207,179,3,0,0,0,0,0,0,0,0,1,0,0,0,0,0,0,0,0,1,0,0,1,0,0,0,0,0,0,0
